Column1,schid,schname,distid,dist,city,county,type,District Type,low,PSAE
80,3.30E+14,Abingdon High School,3.30E+14,Abingdon CUSD 217,Abingdon,Knox,HIGH SCHOOL,Non Chicago School,27.5,35.9
81,4.60E+14,A-C Central High School,4.60E+14,A-C Central CUSD 262,Ashland,Cass,HIGH SCHOOL,Non Chicago School,17.3,62.4
82,3.40E+14,Adlai E Stevenson High School,3.40E+14,Adlai E Stevenson HSD 125,Lincolnshire,Lake,HIGH SCHOOL,Non Chicago School,0.9,86.5
83,4.41E+14,Alden-Hebron High School,4.41E+14,Alden Hebron SD 19,Hebron,McHenry,HIGH SCHOOL,Non Chicago School,4.4,69.9
84,2.71E+14,Aledo High School,2.71E+14,Aledo CUSD 201,Aledo,Mercer,HIGH SCHOOL,Non Chicago School,13.3,55
85,2.71E+14,ALEXIS HIGH SCHOOL,2.71E+14,ALEXIS C U SCH DIST 400,ALEXIS,WARREN,HIGH SCHOOL,Non Chicago School,10.1,63.7
86,3.03E+13,Altamont High School,3.03E+13,Altamont CUSD 10,Altamont,Effingham,HIGH SCHOOL,Non Chicago School,22.5,66.7
87,4.11E+14,Alton High School,4.11E+14,Alton CUSD 11,Alton,Madison,HIGH SCHOOL,Non Chicago School,27.8,53.3
88,2.80E+14,AlWoodMiddle/High School,2.80E+14,AlWood CUSD 225,Woodhull,Henry,HIGH SCHOOL,Non Chicago School,21.2,66.7
89,4.71E+14,Amboy High School,4.71E+14,Amboy CUSD 272,Amboy,Lee,HIGH SCHOOL,Non Chicago School,15.6,60.3
90,2.09E+13,Anna-Jonesboro High School,2.09E+13,Anna Jonesboro CHSD 81,Anna,Union,HIGH SCHOOL,Non Chicago School,27.7,53.1
91,2.80E+14,Annawan High School,2.80E+14,Annawan CUSD 226,Annawan,Henry,HIGH SCHOOL,Non Chicago School,12.5,69
92,1.10E+14,Arcola High School,1.10E+14,Arcola CUSD 306,Arcola,Douglas,HIGH SCHOOL,Non Chicago School,11.7,55.4
93,3.91E+14,Argenta-Oreana High School,3.91E+14,Argenta-Oreana CUSD 1,Argenta,Macon,HIGH SCHOOL,Non Chicago School,12.5,53.5
94,7.02E+13,Argo Community High School,7.02E+13,Argo CHSD 217,Summit,Cook,HIGH SCHOOL,Non Chicago School,38.4,48.5
95,5.41E+14,Armstrong High School,5.41E+14,Armstrong Twp HSD 225,Armstrong,Vermilion,HIGH SCHOOL,Non Chicago School,19.9,60.6
96,1.10E+14,Arthur-Lovington High School,1.10E+14,Arthur CUSD 305,Arthur,Douglas,HIGH SCHOOL,Non Chicago School,11.9,65.8
97,4.71E+14,Ashton-Franklin Center HS,4.71E+14,Ashton-Franklin Center CUSD 275,Ashton,Lee,HIGH SCHOOL,Non Chicago School,26.3,53.9
98,2.20E+14,Astoria High School,2.20E+14,Astoria CUSD 1,Astoria,Fulton,HIGH SCHOOL,Non Chicago School,16.3,45
99,3.81E+14,Athens Sr High School,3.81E+14,Athens CUSD 213,Athens,Menard,HIGH SCHOOL,Non Chicago School,12.2,60
100,3.91E+14,Atwood Hammond High School,3.91E+14,Atwood Hammond CUSD 39,Atwood,Piatt,HIGH SCHOOL,Non Chicago School,30.4,58.8
101,5.11E+14,Auburn High School,5.11E+14,Auburn CUSD 10,Auburn,Sangamon,HIGH SCHOOL,Non Chicago School,20.4,57.6
102,3.10E+14,East High School,3.10E+14,Aurora East USD 131,Aurora,Kane,HIGH SCHOOL,Non Chicago School,45.5,33
103,3.10E+14,West Aurora High School,3.10E+14,Aurora West USD 129,Aurora,Kane,HIGH SCHOOL,Non Chicago School,14.5,54
104,2.20E+14,Avon Sr High School,2.20E+14,Avon CUSD 176,Avon,Fulton,HIGH SCHOOL,Non Chicago School,39.1,62.2
105,5.11E+14,Glenwood High School,5.11E+14,Ball Chatham CUSD 5,Chatham,Sangamon,HIGH SCHOOL,Non Chicago School,4.6,63.6
106,3.40E+14,Barrington High School,3.40E+14,Barrington CUSD 220,Barrington,Lake,HIGH SCHOOL,Non Chicago School,11.9,78.5
107,1.08E+13,BARRY HIGH SCHOOL,1.08E+13,BARRY CUSD 1,BARRY,PIKE,HIGH SCHOOL,Non Chicago School,26.1,46.1
108,3.10E+14,Batavia Sr High School,3.10E+14,Batavia USD 101,Batavia,Kane,HIGH SCHOOL,Non Chicago School,5,73.6
109,4.60E+14,Beardstown Jr/Sr High School,4.60E+14,Beardstown CUSD 15,Beardstown,Cass,HIGH SCHOOL,Non Chicago School,49.7,36.7
110,3.03E+13,Beecher City Jr-Sr High School,3.03E+13,Beecher City CUSD 20,Beecher City,Effingham,HIGH SCHOOL,Non Chicago School,23.4,51.3
111,56099200U260001,Beecher High School,56099200U260000,Beecher CUSD 200U,Beecher,Will,HIGH SCHOOL,Non Chicago School,3,70.6
112,5.01E+14,Belleville High School-East,5.01E+14,Belleville Twp HSD 201,Belleville,Saint Clair,HIGH SCHOOL,Non Chicago School,20.7,65
113,5.01E+14,Belleville High School-West,5.01E+14,Belleville Twp HSD 201,Belleville,Saint Clair,HIGH SCHOOL,Non Chicago School,24.7,55.1
114,4.00E+13,Belvidere High School,4.00E+13,Belvidere CUSD 100,Belvidere,Boone,HIGH SCHOOL,Non Chicago School,18.1,56.1
115,3.91E+14,Bement High School,3.91E+14,Bement CUSD 5,Bement,Piatt,HIGH SCHOOL,Non Chicago School,20.3,50.6
116,2.10E+14,Benton Cons High School,2.10E+14,Benton Cons HSD 103,Benton,Franklin,HIGH SCHOOL,Non Chicago School,40.3,45.3
117,4.11E+14,Civic Memorial High School,4.11E+14,Bethalto CUSD 8,Bethalto,Madison,HIGH SCHOOL,Non Chicago School,7.9,53.4
118,5.41E+14,Bismarck-Henning High School,5.41E+14,Bismarck Henning CUSD 1,Bismarck,Vermilion,HIGH SCHOOL,Non Chicago School,13.8,55
119,7.02E+13,Bloom Trail High School,7.02E+13,Bloom Twp HSD 206,Chicago Heights,Cook,HIGH SCHOOL,Non Chicago School,42.3,31.7
120,7.02E+13,Bloom High School,7.02E+13,Bloom Twp HSD 206,Chicago Heights,Cook,HIGH SCHOOL,Non Chicago School,53.5,30.7
121,1.71E+14,Bloomington High School,1.71E+14,Bloomington SD 87,Bloomington,McLean,HIGH SCHOOL,Non Chicago School,33.5,57.7
122,1.70E+14,Blue Ridge High School,1.70E+14,Blue Ridge CUSD 18,Farmer City,Dewitt,HIGH SCHOOL,Non Chicago School,22.5,62.5
123,3.00E+13,Bond Cty Comm Unit 2 High School,3.00E+13,Bond County CUSD 2,Greenville,Bond,HIGH SCHOOL,Non Chicago School,16,59.3
124,3.20E+14,Bradley-Bourbonnais C High School,3.20E+14,Bradley Bourbonnais CHSD 307,Bradley,Kankakee,HIGH SCHOOL,Non Chicago School,13.4,56.6
125,7.02E+13,Oak Forest High School,7.02E+13,Bremen CHSD 228,Oak Forest,Cook,HIGH SCHOOL,Non Chicago School,7.3,62.5
126,7.02E+13,Tinley Park High School,7.02E+13,Bremen CHSD 228,Tinley Park,Cook,HIGH SCHOOL,Non Chicago School,17.1,56.7
127,7.02E+13,Bremen High School,7.02E+13,Bremen CHSD 228,Midlothian,Cook,HIGH SCHOOL,Non Chicago School,22.6,56.4
128,7.02E+13,Hillcrest High School,7.02E+13,Bremen CHSD 228,Country Club Hill,Cook,HIGH SCHOOL,Non Chicago School,31.2,39.6
129,4.81E+14,Brimfield High School,4.81E+14,Brimfield CUSD 309,Brimfield,Peoria,HIGH SCHOOL,Non Chicago School,6.9,63.6
130,5.01E+14,Lovejoy Technology Academy,5.01E+14,Brooklyn UD 188,Lovejoy,Saint Clair,HIGH SCHOOL,Non Chicago School,94.7,7.3
131,4.60E+14,Brown County High School,4.60E+14,Brown County CUSD 1,Mount Sterling,Brown,HIGH SCHOOL,Non Chicago School,4.5,37
132,3.03E+13,Brownstown High School,3.03E+13,Brownstown CUSD 201,Brownstown,Fayette,HIGH SCHOOL,Non Chicago School,20.4,51.9
133,4.00E+14,Brussels High School,4.00E+14,Brussels CUSD 42,Brussels,Calhoun,HIGH SCHOOL,Non Chicago School,0,43.3
134,4.01E+14,Bunker Hill High School,4.01E+14,Bunker Hill CUSD 8,Bunker Hill,Macoupin,HIGH SCHOOL,Non Chicago School,21.2,46.1
135,2.80E+14,Bureau Valley High School,2.80E+14,Bureau Valley CUSD 340,Manlius,Bureau,HIGH SCHOOL,Non Chicago School,28.4,51.2
136,2.61E+14,Bushnell-Prairie City High Sch,2.61E+14,Bushnell Prairie City CUSD 170,Bushnell,McDonough,HIGH SCHOOL,Non Chicago School,28.3,45.7
137,4.71E+14,Byron High School 9-12,4.71E+14,Byron CUSD 226,Byron,Ogle,HIGH SCHOOL,Non Chicago School,9.7,75.5
138,5.01E+14,Cahokia High School,5.01E+14,Cahokia CUSD 187,Cahokia,Saint Clair,HIGH SCHOOL,Non Chicago School,71,22.6
139,50082187026201C,Fort Bowman Academy Charter Sch*,5.01E+14,Cahokia CUSD 187,Cahokia,Saint Clair,CHARTER SCH,Non Chicago School,29.1,31.4
140,2.00E+13,Cairo Jr/Sr High School,2.00E+13,Cairo USD 1,Cairo,Alexander,HIGH SCHOOL,Non Chicago School,84.6,11
141,4.00E+14,Calhoun High School,4.00E+14,Calhoun CUSD 40,Hardin,Calhoun,HIGH SCHOOL,Non Chicago School,20.5,47.9
142,2.80E+14,Cambridge Jr/Sr High School,2.80E+14,Cambridge CUSD 227,Cambridge,Henry,HIGH SCHOOL,Non Chicago School,15.8,57.7
143,2.20E+14,Canton High School,2.20E+14,Canton Union SD 66,Canton,Fulton,HIGH SCHOOL,Non Chicago School,31.3,51.9
144,3.00E+14,Carbondale Comm H S,3.00E+14,Carbondale CHSD 165,Carbondale,Jackson,HIGH SCHOOL,Non Chicago School,29.6,66.5
145,4.01E+14,Carlinville High School,4.01E+14,Carlinville CUSD 1,Carlinville,Macoupin,HIGH SCHOOL,Non Chicago School,20.2,69.8
146,1.30E+14,Carlyle High School,1.30E+14,Carlyle CUSD 1,Carlyle,Clinton,HIGH SCHOOL,Non Chicago School,20.3,49.9
147,2.01E+14,Carmi-White County High School,2.01E+14,Carmi-White County CUSD 5,Carmi,White,HIGH SCHOOL,Non Chicago School,26.5,52.7
148,2.01E+14,Carrier Mills-Stonefort H S,2.01E+14,Carrier Mills-Stonefort CUSD 2,Carrier Mills,Saline,HIGH SCHOOL,Non Chicago School,61.1,43.9
149,4.00E+14,Carrollton High School,4.00E+14,Carrollton CUSD 1,Carrollton,Greene,HIGH SCHOOL,Non Chicago School,24.8,59.7
150,2.11E+14,Carterville High School,2.11E+14,Carterville CUSD 5,Carterville,Williamson,HIGH SCHOOL,Non Chicago School,17.4,70.7
151,2.60E+14,CARTHAGE HIGH SCHOOL,2.60E+14,CARTHAGE CUSD 338,CARTHAGE,HANCOCK,HIGH SCHOOL,Non Chicago School,21.8,49.8
152,11012004C260001,Casey-Westfield Jr/Sr HS,11012004C260000,Casey-Westfield CUSD 4C,Casey,Clark,HIGH SCHOOL,Non Chicago School,30.2,41.3
153,5.41E+14,Catlin High School,5.41E+14,Catlin CUSD 5,Catlin,Vermilion,HIGH SCHOOL,Non Chicago School,9.4,46.8
154,1.11E+14,Central A & M High School,1.11E+14,Central A & M CUD 21,Moweaqua,Shelby,HIGH SCHOOL,Non Chicago School,24.8,63.7
155,1.30E+14,Central Comm High School,1.30E+14,Central CHSD 71,Breese,Clinton,HIGH SCHOOL,Non Chicago School,16.4,61.6
156,1.00E+13,Central High School,1.00E+13,Central CUSD 3,Camp Point,Adams,HIGH SCHOOL,Non Chicago School,27.5,53.8
157,3.10E+14,Central High School,3.10E+14,Central CUSD 301,Burlington,Kane,HIGH SCHOOL,Non Chicago School,0.9,67.6
158,3.20E+14,Central High School,3.20E+14,Central CUSD 4,Clifton,Iroquois,HIGH SCHOOL,Non Chicago School,13.8,53.1
159,1.31E+14,Centralia High School,1.31E+14,Centralia HSD 200,Centralia,Marion,HIGH SCHOOL,Non Chicago School,42.5,51.9
160,2.08E+13,Century Jr/Sr High School,2.08E+13,Century CUSD 100,Ullin,Pulaski,HIGH SCHOOL,Non Chicago School,79.3,44.7
161,3.91E+14,Cerro Gordo High School,3.91E+14,Cerro Gordo CUSD 100,Cerro Gordo,Piatt,HIGH SCHOOL,Non Chicago School,10.9,59.5
162,8.01E+13,Milledgeville High School,8.01E+13,Chadwick-Milledgeville CUSD 399,Milledgeville,Carroll,HIGH SCHOOL,Non Chicago School,13.4,63.9
163,9.01E+13,Central High School,9.01E+13,Champaign CUSD 4,Champaign,Champaign,HIGH SCHOOL,Non Chicago School,26.5,59.3
164,9.01E+13,Centennial High School,9.01E+13,Champaign CUSD 4,Champaign,Champaign,HIGH SCHOOL,Non Chicago School,16,70.6
165,1.10E+14,Charleston High School,1.10E+14,Charleston CUSD 1,Charleston,Coles,HIGH SCHOOL,Non Chicago School,20.1,57.2
166,1.71E+14,CHENOA HIGH SCHOOL,1.71E+14,CHENOA C U SCHOOL DISTRICT 9,CHENOA,MCLEAN,HIGH SCHOOL,Non Chicago School,28.6,35.4
167,4.51E+14,Chester High School,4.51E+14,Chester CUSD 139,Chester,Randolph,HIGH SCHOOL,Non Chicago School,20.3,56.1
168,2.10E+14,Christopher High,2.10E+14,Christopher USD 99,Christopher,Franklin,HIGH SCHOOL,Non Chicago School,35.4,41.3
169,3.40E+14,Antioch Comm High School,3.40E+14,CHSD 117,Antioch,Lake,HIGH SCHOOL,Non Chicago School,6.3,56.7
170,3.40E+14,Libertyville High School,3.40E+14,CHSD 128,Libertyville,Lake,HIGH SCHOOL,Non Chicago School,2.5,84.1
171,3.40E+14,Vernon Hills High School,3.40E+14,CHSD 128,Vernon Hills,Lake,HIGH SCHOOL,Non Chicago School,1.6,75.9
172,4.41E+14,Cary-Grove Community High School,4.41E+14,CHSD 155,Cary,McHenry,HIGH SCHOOL,Non Chicago School,4.6,73.4
173,4.41E+14,Prairie Ridge High School,4.41E+14,CHSD 155,Crystal Lake,McHenry,HIGH SCHOOL,Non Chicago School,1.1,70.8
174,4.41E+14,Crystal Lake South High School,4.41E+14,CHSD 155,Crystal Lake,McHenry,HIGH SCHOOL,Non Chicago School,2.1,66.1
175,4.41E+14,Crystal Lake Central High School,4.41E+14,CHSD 155,Crystal Lake,McHenry,HIGH SCHOOL,Non Chicago School,8.1,69.3
176,7.02E+13,A B Shepard High Sch (Campus),7.02E+13,CHSD 218,Palos Heights,Cook,HIGH SCHOOL,Non Chicago School,24.2,56.8
177,7.02E+13,H L Richards High Sch(Campus),7.02E+13,CHSD 218,Oak Lawn,Cook,HIGH SCHOOL,Non Chicago School,26.1,55.8
178,7.02E+13,DD Eisenhower High Sch (Campus),7.02E+13,CHSD 218,Blue Island,Cook,HIGH SCHOOL,Non Chicago School,53.3,44.9
179,1.90E+14,Community High School,1.90E+14,CHSD 94,West Chicago,Dupage,HIGH SCHOOL,Non Chicago School,21.4,64.3
180,1.90E+14,Comm H S Dist 99 - North H S,1.90E+14,CHSD 99,Downers Grove,Dupage,HIGH SCHOOL,Non Chicago School,6.2,73.9
181,1.90E+14,Comm H S Dist 99 - South High Sch,1.90E+14,CHSD 99,Downers Grove,Dupage,HIGH SCHOOL,Non Chicago School,9.3,68.6
182,3.20E+14,Cissna Park Sr High School,3.20E+14,Cissna Park CUSD 6,Cissna Park,Iroquois,HIGH SCHOOL,Non Chicago School,8.5,71.1
183,1.20E+14,Clay City High School,1.20E+14,Clay City CUSD 10,Clay City,Clay,HIGH SCHOOL,Non Chicago School,25.7,50.7
184,1.70E+14,Clinton High School,1.70E+14,Clinton CUSD 15,Clinton,Dewitt,HIGH SCHOOL,Non Chicago School,22,56.2
185,2.40E+14,Coal City High School,2.40E+14,Coal City CUSD 1,Coal City,Grundy,HIGH SCHOOL,Non Chicago School,11.4,59
186,2.09E+13,Cobden High School,2.09E+13,Cobden SUD 17,Cobden,Union,HIGH SCHOOL,Non Chicago School,23.8,46
187,4.11E+14,Collinsville High School,4.11E+14,Collinsville CUSD 10,Collinsville,Madison,HIGH SCHOOL,Non Chicago School,19.7,47.9
188,4.51E+14,Columbia High School,4.51E+14,Columbia CUSD 4,Columbia,Monroe,HIGH SCHOOL,Non Chicago School,3.2,66.8
189,7.02E+13,Victor J Andrew High School,7.02E+13,Cons HSD 230,Orland Hills,Cook,HIGH SCHOOL,Non Chicago School,3.6,66.3
190,7.02E+13,Carl Sandburg High School,7.02E+13,Cons HSD 230,Orland Park,Cook,HIGH SCHOOL,Non Chicago School,2.9,69.4
191,7.02E+13,Amos Alonzo Stagg High School,7.02E+13,Cons HSD 230,Palos Hills,Cook,HIGH SCHOOL,Non Chicago School,9.1,64
192,4.41E+14,Huntley High School,4.41E+14,Cons SD 158,Huntley,McHenry,HIGH SCHOOL,Non Chicago School,4.2,58.6
193,4.51E+14,Coulterville High School,4.51E+14,Coulterville USD 1,Coulterville,Randolph,HIGH SCHOOL,Non Chicago School,25.7,44.3
194,4.10E+13,South Beloit Sr High School,4.10E+13,County of Winnebago SD 320,South Beloit,Winnebago,HIGH SCHOOL,Non Chicago School,39.3,43.9
195,4.31E+14,Metamora High School,4.31E+14,County of Woodford School,Metamora,Woodford,HIGH SCHOOL,Non Chicago School,10.5,68.4
196,11087003A260001,Cowden-Herrick Jr/Sr High School,11087003A260000,Cowden-Herrick CUSD 3A,Cowden,Shelby,HIGH SCHOOL,Non Chicago School,45.7,54.4
197,2.11E+14,Crab Orchard High School,2.11E+14,Crab Orchard CUSD 3,Marion,Williamson,HIGH SCHOOL,Non Chicago School,23.3,48.2
198,3.20E+14,CRESCENT-IROQUOIS HIGH SCHOOL,3.20E+14,CRESCENT IROQUOIS COMM DIST 252,CRESCENT CITY,IROQUOIS,HIGH SCHOOL,Non Chicago School,20.3,54.7
199,56099201U260001,Crete-Monee High School,56099201U260000,Crete Monee CUSD 201U,Crete,Will,HIGH SCHOOL,Non Chicago School,39.5,44.2
200,1.10E+14,Cumberland High School,1.10E+14,Cumberland CUSD 77,Toledo,Cumberland,HIGH SCHOOL,Non Chicago School,18.8,56.1
201,1.90E+14,Wheaton North High School,1.90E+14,CUSD 200,Wheaton,Dupage,HIGH SCHOOL,Non Chicago School,13.8,74.1
202,1.90E+14,Wheaton Warrenville South H S,1.90E+14,CUSD 200,Wheaton,Dupage,HIGH SCHOOL,Non Chicago School,7.1,75.5
203,1.90E+14,Westmont High School,1.90E+14,CUSD 201,Westmont,Dupage,HIGH SCHOOL,Non Chicago School,18.2,62.3
204,2.20E+14,Cuba Sr High School,2.20E+14,CUSD 3 Fulton County,Cuba,Fulton,HIGH SCHOOL,Non Chicago School,25.9,42
205,3.10E+14,Harry D Jacobs High School,3.10E+14,CUSD 300,Algonquin,Kane,HIGH SCHOOL,Non Chicago School,5,62.3
206,3.10E+14,Hampshire High School,3.10E+14,CUSD 300,Hampshire,Kane,HIGH SCHOOL,Non Chicago School,4.7,62.3
207,3.10E+14,Dundee-Crown High School,3.10E+14,CUSD 300,Carpentersville,Kane,HIGH SCHOOL,Non Chicago School,32.2,49.3
208,1.00E+13,Unity High School,1.00E+13,CUSD 4,Mendon,Adams,HIGH SCHOOL,Non Chicago School,14.5,61.2
209,8.09E+13,Dakota Jr Sr High School,8.09E+13,Dakota CUSD 201,Dakota,Stephenson,HIGH SCHOOL,Non Chicago School,9.7,59.5
210,5.41E+14,Danville High School,5.41E+14,Danville CCSD 118,Danville,Vermilion,HIGH SCHOOL,Non Chicago School,39.3,53.1
211,3.91E+14,MacArthur High School,3.91E+14,Decatur SD 61,Decatur,Macon,HIGH SCHOOL,Non Chicago School,49.7,49.7
212,3.91E+14,Eisenhower High School,3.91E+14,Decatur SD 61,Decatur,Macon,HIGH SCHOOL,Non Chicago School,62,37.5
213,5.31E+14,Dee-Mack High School,5.31E+14,Deer Creek-Mackinaw CUSD 701,Mackinaw,Tazewell,HIGH SCHOOL,Non Chicago School,8.6,67.6
214,1.60E+14,De Kalb High School,1.60E+14,DeKalb CUSD 428,Dekalb,Dekalb,HIGH SCHOOL,Non Chicago School,21.5,65
215,3.91E+14,Deland-Weldon High School,3.91E+14,Deland-Weldon CUSD 57,De Land,Piatt,HIGH SCHOOL,Non Chicago School,28.3,59
216,5.31E+14,Delavan High School,5.31E+14,Delavan CUSD 703,Delavan,Tazewell,HIGH SCHOOL,Non Chicago School,13,63.2
217,2.80E+14,DePue High School,2.80E+14,DePue USD 103,DePue,Bureau,HIGH SCHOOL,Non Chicago School,68.8,47
218,3.03E+13,Dieterich Jr/Sr High School,3.03E+13,Dieterich CUSD 30,Dieterich,Effingham,HIGH SCHOOL,Non Chicago School,23,56.7
219,5.11E+14,DIVERNON HIGH SCHOOL,5.11E+14,DIVERNON CUSD 13,DIVERNON,SANGAMON,HIGH SCHOOL,Non Chicago School,7.8,48.6
220,4.71E+14,Dixon High School,4.71E+14,Dixon USD 170,Dixon,Lee,HIGH SCHOOL,Non Chicago School,21.6,58.8
221,2.09E+13,Dongola High School,2.09E+13,Dongola USD 66,Dongola,Union,HIGH SCHOOL,Non Chicago School,85.9,44.5
222,3.20E+14,Donovan Sr High School,3.20E+14,Donovan CUSD 3,Donovan,Iroquois,HIGH SCHOOL,Non Chicago School,4.4,53.1
223,4.81E+14,Dunlap High School,4.81E+14,Dunlap CUSD 323,Dunlap,Peoria,HIGH SCHOOL,Non Chicago School,2.7,79.4
224,1.90E+14,Willowbrook High School,1.90E+14,DuPage HSD 88,Villa Park,Dupage,HIGH SCHOOL,Non Chicago School,16.3,60.4
225,1.90E+14,Addison Trail High School,1.90E+14,DuPage HSD 88,Addison,Dupage,HIGH SCHOOL,Non Chicago School,21.6,57.2
226,5.01E+14,Dupo High School,5.01E+14,Dupo CUSD 196,Dupo,Saint Clair,HIGH SCHOOL,Non Chicago School,22.7,50.4
227,3.01E+14,Duquoin High School,3.01E+14,Duquoin CUSD 300,Du Quoin,Perry,HIGH SCHOOL,Non Chicago School,45.6,49.1
228,4.10E+13,Durand High School,4.10E+13,Durand CUSD 322,Durand,Winnebago,HIGH SCHOOL,Non Chicago School,15.3,55.1
229,1.71E+14,Dwight High School,1.71E+14,Dwight Twp HSD 230,Dwight,Livingston,HIGH SCHOOL,Non Chicago School,3.5,61.8
230,3.51E+14,Earlville Jr/Sr High School,3.51E+14,Earlville CUSD 9,Earlville,La Salle,HIGH SCHOOL,Non Chicago School,14.9,51.4
231,4.11E+14,East Alton-Wood River High Sch,4.11E+14,East Alton-Wood River CHSD 14,Wood River,Madison,HIGH SCHOOL,Non Chicago School,36.6,39
232,8.04E+13,East Dubuque High School,8.04E+13,East Dubuque USD 119,East Dubuque,Jo Daviess,HIGH SCHOOL,Non Chicago School,15.3,59.1
233,5.31E+14,East Peoria High School,5.31E+14,East Peoria CHSD 309,East Peoria,Tazewell,HIGH SCHOOL,Non Chicago School,21.9,50.8
234,1.21E+14,East Richland High School,1.21E+14,East Richland CUSD 1,Olney,Richland,HIGH SCHOOL,Non Chicago School,28.1,58.2
235,50082189022001C,SIU Charter Sch of East St Louis*,5.01E+14,East St Louis SD 189,East Saint Louis,Saint Clair,CHARTER SCH,Non Chicago School,76.5,4.5
236,5.01E+14,East St Louis Senior High School,5.01E+14,East St Louis SD 189,East Saint Louis,Saint Clair,HIGH SCHOOL,Non Chicago School,96.9,14.1
237,50082189022002C,Tomorrows Builders Charter Schl*,5.01E+14,East St Louis SD 189,East Saint Louis,Saint Clair,CHARTER SCH,Non Chicago School,100,0
238,8.01E+13,Eastland Jr/Sr High School,8.01E+13,Eastland CUSD 308,Lanark,Carroll,HIGH SCHOOL,Non Chicago School,11.9,62.5
239,1.10E+14,Chrisman High School,1.10E+14,Edgar County CUD 6,Chrisman,Edgar,HIGH SCHOOL,Non Chicago School,11,60
240,1.00E+14,Edinburg High School,1.00E+14,Edinburg CUSD 4,Edinburg,Christian,HIGH SCHOOL,Non Chicago School,17.4,46.4
241,2.00E+14,Edwards County High School,2.00E+14,Edwards County CUSD 1,Albion,Edwards,HIGH SCHOOL,Non Chicago School,20,53.3
242,4.11E+14,Edwardsville High School,4.11E+14,Edwardsville CUSD 7,Edwardsville,Madison,HIGH SCHOOL,Non Chicago School,8.8,63.2
243,3.03E+13,Effingham High School,3.03E+13,Effingham CUSD 40,Effingham,Effingham,HIGH SCHOOL,Non Chicago School,10.5,61.8
244,2.00E+13,Egyptian Sr High School,2.00E+13,Egyptian CUSD 5,Tamms,Alexander,HIGH SCHOOL,Non Chicago School,70.5,40
245,4.31E+14,El Paso-Gridley High School,4.31E+14,El Paso-Gridley CUSD 11,El Paso,Woodford,HIGH SCHOOL,Non Chicago School,14.9,54.6
246,2.01E+14,Eldorado High School,2.01E+14,Eldorado CUSD 4,Eldorado,Saline,HIGH SCHOOL,Non Chicago School,37.4,40
247,1.90E+14,York Comm High School,1.90E+14,Elmhurst SD 205,Elmhurst,Dupage,HIGH SCHOOL,Non Chicago School,5.3,72.1
248,4.81E+14,Elmwood High School,4.81E+14,Elmwood CUSD 322,Elmwood,Peoria,HIGH SCHOOL,Non Chicago School,15.6,66.3
249,6.02E+13,Elmwood Park High School,6.02E+13,Elmwood Park CUSD 401,Elmwood Park,Cook,HIGH SCHOOL,Non Chicago School,12.6,50.7
250,3.00E+14,Elverado High School,3.00E+14,Elverado CUSD 196,Elkville,Jackson,HIGH SCHOOL,Non Chicago School,58.5,40.7
251,5.51E+14,Erie High School,5.51E+14,Erie CUSD 1,Erie,Whiteside,HIGH SCHOOL,Non Chicago School,9,62.8
252,4.31E+14,Eureka High School,4.31E+14,Eureka CUD 140,Eureka,Woodford,HIGH SCHOOL,Non Chicago School,8.8,68.2
253,5.02E+13,Evanston Twp High School,5.02E+13,Evanston Twp HSD 202,Evanston,Cook,HIGH SCHOOL,Non Chicago School,31.3,64.1
254,7.02E+13,Evergreen Park High School,7.02E+13,Evergreen Park CHSD 231,Evergreen Park,Cook,HIGH SCHOOL,Non Chicago School,10.2,53.6
255,2.01E+14,Fairfield Comm High School,2.01E+14,Fairfield Comm H S Dist 225,Fairfield,Wayne,HIGH SCHOOL,Non Chicago School,22.9,48.5
256,4.81E+14,Farmington Central High Sch,4.81E+14,Farmington Central CUSD 265,Farmington,Peoria,HIGH SCHOOL,Non Chicago School,15.4,59.3
257,1.90E+14,Fenton High School,1.90E+14,Fenton CHSD 100,Bensenville,Dupage,HIGH SCHOOL,Non Chicago School,17.7,49.4
258,4.31E+14,Fieldcrest High School,4.31E+14,Fieldcrest CUSD 6,Minonk,Woodford,HIGH SCHOOL,Non Chicago School,16.2,56.4
259,9.01E+13,Fisher Jr/Sr High School,9.01E+13,Fisher CUSD 1,Fisher,Champaign,HIGH SCHOOL,Non Chicago School,13,70.9
260,1.71E+14,Flanagan High School,1.71E+14,Flanagan CUSD 4,Flanagan,Livingston,HIGH SCHOOL,Non Chicago School,13.5,54.1
261,1.20E+14,Flora High School,1.20E+14,Flora CUSD 35,Flora,Clay,HIGH SCHOOL,Non Chicago School,23,60.8
262,4.71E+14,Forreston Jr/Sr High Sch,4.71E+14,Forrestville Valley CUSD 221,Forreston,Ogle,HIGH SCHOOL,Non Chicago School,17.5,61.8
263,2.10E+14,Frankfort Comm High School,2.10E+14,Frankfort CUSD 168,West Frankfort,Franklin,HIGH SCHOOL,Non Chicago School,29,50.1
264,4.61E+14,Franklin Jr/Sr High School,4.61E+14,Franklin CUSD 1,Franklin,Morgan,HIGH SCHOOL,Non Chicago School,20.1,61.9
265,5.01E+14,Freeburg Community High Sch,5.01E+14,Freeburg CHSD 77,Freeburg,Saint Clair,HIGH SCHOOL,Non Chicago School,4.8,64.4
266,8.09E+13,Freeport High School,8.09E+13,Freeport SD 145,Freeport,Stephenson,HIGH SCHOOL,Non Chicago School,35.4,50.4
267,2.01E+14,Galatia High School,2.01E+14,Galatia CUSD 1,Galatia,Saline,HIGH SCHOOL,Non Chicago School,30.2,60.9
268,8.04E+13,Galena High School,8.04E+13,Galena USD 120,Galena,Jo Daviess,HIGH SCHOOL,Non Chicago School,10.4,57.6
269,3.30E+14,Galesburg High School,3.30E+14,Galesburg CUSD 205,Galesburg,Knox,HIGH SCHOOL,Non Chicago School,38.8,55.1
270,2.00E+14,Gallatin High School,2.00E+14,Gallatin CUSD 7,Junction,Gallatin,HIGH SCHOOL,Non Chicago School,23.2,35
271,2.80E+14,Galva Jr-Sr High School,2.80E+14,Galva CUSD 224,Galva,Henry,HIGH SCHOOL,Non Chicago School,21,52.1
272,2.40E+14,Gardner-South Wilmington Twp H S,2.40E+14,Gardner S Wilmington Twp HSD 73,Gardner,Grundy,HIGH SCHOOL,Non Chicago School,16.1,56.9
273,2.80E+14,Geneseo High School,2.80E+14,Geneseo CUSD 228,Geneseo,Henry,HIGH SCHOOL,Non Chicago School,11.5,64.6
274,3.10E+14,Geneva Community High School,3.10E+14,Geneva CUSD 304,Geneva,Kane,HIGH SCHOOL,Non Chicago School,2.6,70.9
275,1.60E+14,Genoa-Kingston High School,1.60E+14,Genoa Kingston CUSD 424,Genoa,Dekalb,HIGH SCHOOL,Non Chicago School,9.6,50
276,5.41E+14,Georgetown-Ridge Farm High School,5.41E+14,Georgetown-Ridge Farm CUD 4,Georgetown,Vermilion,HIGH SCHOOL,Non Chicago School,21.2,47.1
277,9.03E+13,GCMS High School,9.03E+13,Gibson City-Melvin-Sibley CUSD 5,Gibson City,Ford,HIGH SCHOOL,Non Chicago School,16,69.1
278,4.01E+14,Gillespie High School,4.01E+14,Gillespie CUSD 7,Gillespie,Macoupin,HIGH SCHOOL,Non Chicago School,32.3,42.3
279,4.01E+14,Girard Jr/Sr High School,4.01E+14,Girard CUSD 3,Girard,Macoupin,HIGH SCHOOL,Non Chicago School,27.7,53.1
280,1.90E+14,Glenbard South High School,1.90E+14,Glenbard Twp HSD 87,Glen Ellyn,Dupage,HIGH SCHOOL,Non Chicago School,3.8,79.7
281,1.90E+14,Glenbard West High School,1.90E+14,Glenbard Twp HSD 87,Glen Ellyn,Dupage,HIGH SCHOOL,Non Chicago School,7.1,70.1
282,1.90E+14,Glenbard North High School,1.90E+14,Glenbard Twp HSD 87,Carol Stream,Dupage,HIGH SCHOOL,Non Chicago School,5,64
283,1.90E+14,Glenbard East High School,1.90E+14,Glenbard Twp HSD 87,Lombard,Dupage,HIGH SCHOOL,Non Chicago School,14.8,62.2
284,2.04E+13,Goreville High School,2.04E+13,Goreville CUD 1,Goreville,Johnson,HIGH SCHOOL,Non Chicago School,18.8,55.9
285,4.11E+14,Granite City High School,4.11E+14,Granite City CUSD 9,Granite City,Madison,HIGH SCHOOL,Non Chicago School,20,47.5
286,3.40E+14,Grant Community High School,3.40E+14,Grant CHSD 124,Fox Lake,Lake,HIGH SCHOOL,Non Chicago School,11.9,54.6
287,3.20E+14,Grant Park High School,3.20E+14,Grant Park CUSD 6,Grant Park,Kankakee,HIGH SCHOOL,Non Chicago School,10.2,45.8
288,3.40E+14,Grayslake Central High School,3.40E+14,Grayslake CHSD 127,Grayslake,Lake,HIGH SCHOOL,Non Chicago School,5.4,64.1
289,2.01E+14,Grayville Jr Sr High School,2.01E+14,Grayville CUSD 1,Grayville,White,HIGH SCHOOL,Non Chicago School,24.1,43.9
290,4.00E+14,Greenfield High School,4.00E+14,Greenfield CUSD 10,Greenfield,Greene,HIGH SCHOOL,Non Chicago School,15.2,59.7
291,3.81E+14,Greenview Jr/Sr High School,3.81E+14,Greenview CUSD 200,Greenview,Menard,HIGH SCHOOL,Non Chicago School,14.8,55.2
292,1.71E+14,GRIDLEY HIGH SCHOOL,1.71E+14,GRIDLEY C U SCH DIST 10,GRIDLEY,MCLEAN,HIGH SCHOOL,Non Chicago School,14.7,73.3
293,1.08E+13,Griggsville-Perry High School,1.08E+13,Griggsville-Perry CUSD 4,Griggsville,Pike,HIGH SCHOOL,Non Chicago School,38.3,42.9
294,2.80E+14,Hall High School,2.80E+14,Hall HSD 502,Spring Valley,Bureau,HIGH SCHOOL,Non Chicago School,13.8,44.6
295,2.60E+14,Hamilton Jr/Sr High Sch,2.60E+14,Hamilton CCSD 328,Hamilton,Hancock,HIGH SCHOOL,Non Chicago School,25.2,63.9
296,2.50E+14,Hamilton County Jr/Sr High School,2.50E+14,Hamilton Co CUSD 10,Mc Leansboro,Hamilton,HIGH SCHOOL,Non Chicago School,27.7,60.9
297,2.00E+14,Hardin County High School,2.00E+14,Hardin County CUSD 1,Elizabethtown,Hardin,HIGH SCHOOL,Non Chicago School,49.2,35.5
298,4.10E+13,Harlem High School,4.10E+13,Harlem UD 122,Machesney Park,Winnebago,HIGH SCHOOL,Non Chicago School,19.7,51.3
299,2.01E+14,Harrisburg High School,2.01E+14,Harrisburg CUSD 3,Harrisburg,Saline,HIGH SCHOOL,Non Chicago School,22.9,56.2
300,3.81E+14,Hartsburg-Emden Jr-Sr High School,3.81E+14,Hartsburg Emden CUSD 21,Hartsburg,Logan,HIGH SCHOOL,Non Chicago School,30.8,67.1
301,4.41E+14,Harvard High School,4.41E+14,Harvard CUSD 50,Harvard,McHenry,HIGH SCHOOL,Non Chicago School,40.1,60.8
302,3.81E+14,Havana High School,3.81E+14,Havana CUSD 126,Havana,Mason,HIGH SCHOOL,Non Chicago School,26.7,59
303,4.31E+14,Henry-Senachwine High School,4.31E+14,Henry-Senachwine CUSD 5,Henry,Marshall,HIGH SCHOOL,Non Chicago School,24.6,58.1
304,9.01E+13,Heritage High School,9.01E+13,Heritage CUSD 8,Broadlands,Champaign,HIGH SCHOOL,Non Chicago School,11.9,61.1
305,2.11E+14,Herrin High School,2.11E+14,Herrin CUSD 4,Herrin,Williamson,HIGH SCHOOL,Non Chicago School,35.8,52.2
306,3.20E+14,Herscher High School,3.20E+14,Herscher CUSD 2,Herscher,Kankakee,HIGH SCHOOL,Non Chicago School,11.2,55.1
307,1.71E+14,Heyworth Jr-Sr High School,1.71E+14,Heyworth CUSD 4,Heyworth,McLean,HIGH SCHOOL,Non Chicago School,11.1,52.5
308,1.60E+14,Hiawatha High School,1.60E+14,Hiawatha CUSD 426,Kirkland,Dekalb,HIGH SCHOOL,Non Chicago School,9.5,55.5
309,4.11E+14,Highland High School,4.11E+14,Highland CUSD 5,Highland,Madison,HIGH SCHOOL,Non Chicago School,14.5,67.2
310,1.01E+14,Hillsboro High School,1.01E+14,Hillsboro CUSD 3,Hillsboro,Montgomery,HIGH SCHOOL,Non Chicago School,29.1,54.6
311,1.60E+14,Hinckley-Big Rock High School,1.60E+14,Hinckley Big Rock CUSD 429,Hinckley,Dekalb,HIGH SCHOOL,Non Chicago School,3.2,60.5
312,1.90E+14,Hinsdale Central High School,1.90E+14,Hinsdale Twp HSD 86,Hinsdale,Dupage,HIGH SCHOOL,Non Chicago School,2.3,85
313,1.90E+14,Hinsdale South High School,1.90E+14,Hinsdale Twp HSD 86,Darien,Dupage,HIGH SCHOOL,Non Chicago School,11.1,69.1
314,7.02E+13,Homewood-Flossmoor High School,7.02E+13,Homewood Flossmoor CHSD 233,Flossmoor,Cook,HIGH SCHOOL,Non Chicago School,8.4,62.1
315,4.10E+13,Hononegah High School,4.10E+13,Hononegah CHD 207,Rockton,Winnebago,HIGH SCHOOL,Non Chicago School,7.5,73.7
316,5.41E+14,Hoopeston Area High School,5.41E+14,Hoopeston Area CUSD 11,Hoopeston,Vermilion,HIGH SCHOOL,Non Chicago School,36.8,52.9
317,1.20E+14,Hutsonville High School,1.20E+14,Hutsonville CUSD 1,Hutsonville,Crawford,HIGH SCHOOL,Non Chicago School,29,36.9
318,4.81E+14,Il Valley Central High School,4.81E+14,Il Valley Central USD 321,Chillicothe,Peoria,HIGH SCHOOL,Non Chicago School,14.6,62.7
319,4.81E+14,Illini Bluffs High School,4.81E+14,Illini Bluffs CUSD 327,Glasford,Peoria,HIGH SCHOOL,Non Chicago School,6.1,47
320,3.81E+14,Illini Central High School,3.81E+14,Illini Central CUSD 189,Mason City,Mason,HIGH SCHOOL,Non Chicago School,25,43
321,5.11E+14,ILLIOPOLIS HIGH SCHOOL,5.11E+14,ILLIOPOLIS C U SCHOOL DIST 12,ILLIOPOLIS,SANGAMON,HIGH SCHOOL,Non Chicago School,18.9,63.8
322,1.60E+14,Indian Creek High School,1.60E+14,Indian Creek CUSD 425,Shabbona,Dekalb,HIGH SCHOOL,Non Chicago School,9,55.9
323,1.90E+14,Neuqua Valley High School,1.90E+14,Indian Prairie CUSD 204,Naperville,Dupage,HIGH SCHOOL,Non Chicago School,0.9,76.1
324,1.90E+14,Waubonsie Valley High School,1.90E+14,Indian Prairie CUSD 204,Aurora,Dupage,HIGH SCHOOL,Non Chicago School,4.4,67.6
325,2.61E+14,INDUSTRY HIGH SCHOOL,2.61E+14,INDUSTRY C U SCH DIST 165,INDUSTRY,MCDONOUGH,HIGH SCHOOL,Non Chicago School,25.5,70
326,3.20E+14,Watseka Comm High School,3.20E+14,Iroquois County CUSD 9,Watseka,Iroquois,HIGH SCHOOL,Non Chicago School,29.5,56.6
327,3.20E+14,Iroquois West High School,3.20E+14,Iroquois West CUSD 10,Gilman,Iroquois,HIGH SCHOOL,Non Chicago School,31.8,47.9
328,6.02E+13,J Sterling Morton West High Sch,6.02E+13,J S Morton HSD 201,Berwyn,Cook,HIGH SCHOOL,Non Chicago School,45.4,41.4
329,6.02E+13,J Sterling Morton East High Sch,6.02E+13,J S Morton HSD 201,Cicero,Cook,HIGH SCHOOL,Non Chicago School,63.8,29
330,4.61E+14,Jacksonville High School,4.61E+14,Jacksonville SD 117,Jacksonville,Morgan,HIGH SCHOOL,Non Chicago School,27.6,50.5
331,5.41E+14,Jamaica High School,5.41E+14,Jamaica CUSD 12,Sidell,Vermilion,HIGH SCHOOL,Non Chicago School,21.6,51.3
332,1.20E+14,Newton Comm High School,1.20E+14,Jasper County CUD 1,Newton,Jasper,HIGH SCHOOL,Non Chicago School,18,65.3
333,4.00E+14,Jersey Comm High School,4.00E+14,Jersey CUSD 100,Jerseyville,Jersey,HIGH SCHOOL,Non Chicago School,20.3,53.2
334,4.41E+14,Johnsburg High School,4.41E+14,Johnsburg CUSD 12,Johnsburg,McHenry,HIGH SCHOOL,Non Chicago School,6,58.9
335,2.11E+14,Johnston City High School,2.11E+14,Johnston City CUSD 1,Johnston City,Williamson,HIGH SCHOOL,Non Chicago School,33.5,54
336,5.61E+14,Joliet West High School,5.61E+14,Joliet Twp HSD 204,Joliet,Will,HIGH SCHOOL,Non Chicago School,37.5,45.6
337,5.61E+14,Joliet Central High School,5.61E+14,Joliet Twp HSD 204,Joliet,Will,HIGH SCHOOL,Non Chicago School,70.3,33.7
338,2.06E+13,Joppa Jr & Sr High School,2.06E+13,Joppa-Maple Grove UD 38,Joppa,Massac,HIGH SCHOOL,Non Chicago School,53.6,51.7
339,3.10E+14,Kaneland Senior High School,3.10E+14,Kaneland CUSD 302,Maple Park,Kane,HIGH SCHOOL,Non Chicago School,3.3,57.7
340,3.20E+14,Kankakee High School,3.20E+14,Kankakee SD 111,Kankakee,Kankakee,HIGH SCHOOL,Non Chicago School,67.7,31.7
341,1.10E+14,Kansas High School,1.10E+14,Kansas CUSD 3,Kansas,Edgar,HIGH SCHOOL,Non Chicago School,18.7,65.6
342,2.80E+14,Kewanee High School,2.80E+14,Kewanee CUSD 229,Kewanee,Henry,HIGH SCHOOL,Non Chicago School,29,56.8
343,3.30E+14,Knoxville Sr High School,3.30E+14,Knoxville CUSD 202,Knoxville,Knox,HIGH SCHOOL,Non Chicago School,20.3,58.7
344,2.60E+14,LA HARPE HIGH SCHOOL,2.60E+14,LA HARPE CUSD 335,LA HARPE,HANCOCK,HIGH SCHOOL,Non Chicago School,23.6,40.8
345,2.80E+14,La Moille High School,2.80E+14,La Moille CUSD 303,La Moille,Bureau,HIGH SCHOOL,Non Chicago School,18.1,24.5
346,3.51E+14,La Salle-Peru Twp High School,3.51E+14,La Salle-Peru Twp HSD 120,La Salle,La Salle,HIGH SCHOOL,Non Chicago School,16.1,64.7
347,3.40E+14,Lake Forest High School,3.40E+14,Lake Forest CHSD 115,Lake Forest,Lake,HIGH SCHOOL,Non Chicago School,0,84
348,1.90E+14,Lake Park High School,1.90E+14,Lake Park CHSD 108,Roselle,Dupage,HIGH SCHOOL,Non Chicago School,4.5,66.4
349,3.40E+14,Lake Zurich High School,3.40E+14,Lake Zurich CUSD 95,Lake Zurich,Lake,HIGH SCHOOL,Non Chicago School,2.3,74.2
350,1.21E+14,Lawrenceville High School,1.21E+14,Lawrence County CUD 20,Lawrenceville,Lawrence,HIGH SCHOOL,Non Chicago School,24.9,54
351,5.01E+14,Lebanon High School,5.01E+14,Lebanon CUSD 9,Lebanon,Saint Clair,HIGH SCHOOL,Non Chicago School,19.2,63.9
352,3.51E+14,Leland High School,3.51E+14,Leland CUSD 1,Leland,La Salle,HIGH SCHOOL,Non Chicago School,6.7,45.8
353,7.02E+13,Lemont Twp High School,7.02E+13,Lemont Twp HSD 210,Lemont,Cook,HIGH SCHOOL,Non Chicago School,3.9,60.3
354,8.09E+13,Lena-Winslow High School,8.09E+13,Lena Winslow CUSD 202,Lena,Stephenson,HIGH SCHOOL,Non Chicago School,13.3,72.9
355,1.71E+14,LeRoy High School,1.71E+14,LeRoy CUSD 2,Le Roy,McLean,HIGH SCHOOL,Non Chicago School,9.9,49.8
356,2.20E+14,Lewistown High School,2.20E+14,Lewistown CUSD 97,Lewistown,Fulton,HIGH SCHOOL,Non Chicago School,19,46.9
357,1.71E+14,Lexington High School,1.71E+14,Lexington CUSD 7,Lexington,McLean,HIGH SCHOOL,Non Chicago School,10.4,66
358,6.02E+13,East Leyden High School,6.02E+13,Leyden CHSD 212,Franklin Park,Cook,HIGH SCHOOL,Non Chicago School,13.7,57.3
359,6.02E+13,West Leyden High School,6.02E+13,Leyden CHSD 212,Northlake,Cook,HIGH SCHOOL,Non Chicago School,13.3,51.9
360,1.00E+13,Liberty High School,1.00E+13,Liberty CUSD 2,Liberty,Adams,HIGH SCHOOL,Non Chicago School,16.8,60.8
361,4.81E+14,Limestone Community High School,4.81E+14,Limestone CHSD 310,Peoria,Peoria,HIGH SCHOOL,Non Chicago School,15.5,57.7
362,3.81E+14,Lincoln Comm High School,3.81E+14,Lincoln CHSD 404,Lincoln,Logan,HIGH SCHOOL,Non Chicago School,17.2,53.4
363,5.61E+14,Lincoln-Way East High School,5.61E+14,Lincoln Way CHSD 210,Frankfort,Will,HIGH SCHOOL,Non Chicago School,2.6,73.8
364,5.61E+14,Lincoln-Way Central High School,5.61E+14,Lincoln Way CHSD 210,New Lenox,Will,HIGH SCHOOL,Non Chicago School,2.9,71.9
365,1.90E+14,Lisle High School,1.90E+14,Lisle CUSD 202,Lisle,Dupage,HIGH SCHOOL,Non Chicago School,9.8,70.7
366,1.01E+14,Litchfield Senior High School,1.01E+14,Litchfield CUSD 12,Litchfield,Montgomery,HIGH SCHOOL,Non Chicago School,20.7,67
367,4.11E+14,LIVINGSTON HIGH SCHOOL,4.11E+14,LIVINGSTON C C SCHOOL DIST 4,LIVINGSTON,MADISON,HIGH SCHOOL,Non Chicago School,44.6,26.7
368,5.61E+14,Lockport Township High Sch East,5.61E+14,Lockport Twp HSD 205,Lockport,Will,HIGH SCHOOL,Non Chicago School,7,62.7
369,1.11E+14,Lovington High School,1.11E+14,Lovington CUSD 303,Lovington,Moultrie,HIGH SCHOOL,Non Chicago School,24.5,36.9
370,4.31E+14,Lowpoint-Washburn Jr Sr High Sch,4.31E+14,Lowpoint-Washburn CUSD 21,Washburn,Woodford,HIGH SCHOOL,Non Chicago School,25.4,69.8
371,6.02E+13,Lyons Twp High Sch,6.02E+13,Lyons Twp HSD 204,La Grange,Cook,HIGH SCHOOL,Non Chicago School,2.6,74.2
372,2.61E+14,Macomb Senior High School,2.61E+14,Macomb CUSD 185,Macomb,McDonough,HIGH SCHOOL,Non Chicago School,25.8,62.6
373,4.11E+14,Madison Senior High School,4.11E+14,Madison CUSD 12,Madison,Madison,HIGH SCHOOL,Non Chicago School,90,12.4
374,9.01E+13,Mahomet-Seymour High School,9.01E+13,Mahomet-Seymour CUSD 3,Mahomet,Champaign,HIGH SCHOOL,Non Chicago School,4,75.9
375,5.02E+13,Maine South High School,5.02E+13,Maine Township HSD 207,Park Ridge,Cook,HIGH SCHOOL,Non Chicago School,3,80.1
376,5.02E+13,Maine East High School,5.02E+13,Maine Township HSD 207,Park Ridge,Cook,HIGH SCHOOL,Non Chicago School,27.7,61.1
377,5.02E+13,Maine West High School,5.02E+13,Maine Township HSD 207,Des Plaines,Cook,HIGH SCHOOL,Non Chicago School,14.9,64
378,3.20E+14,Manteno High School,3.20E+14,Manteno CUSD 5,Manteno,Kankakee,HIGH SCHOOL,Non Chicago School,5.9,63.5
379,4.41E+14,Marengo High School,4.41E+14,Marengo CHSD 154,Marengo,McHenry,HIGH SCHOOL,Non Chicago School,7,51.8
380,2.11E+14,Marion High School,2.11E+14,Marion CUSD 2,Marion,Williamson,HIGH SCHOOL,Non Chicago School,20.4,51.1
381,5.01E+14,Marissa Jr & Sr High School,5.01E+14,Marissa CUSD 40,Marissa,Saint Clair,HIGH SCHOOL,Non Chicago School,32.4,49.6
382,3.91E+14,Maroa-Forsyth Senior High Sch,3.91E+14,Maroa Forsyth CUSD 2,Maroa,Macon,HIGH SCHOOL,Non Chicago School,3.5,75.1
383,11012002C260001,Marshall High School,11012002C260000,Marshall CUSD 2C,Marshall,Clark,HIGH SCHOOL,Non Chicago School,12.1,51
384,11012003C260001,Martinsville Jr- Sr High School,11012003C260000,Martinsville CUSD 3C,Martinsville,Clark,HIGH SCHOOL,Non Chicago School,24,54.5
385,5.01E+14,Mascoutah High School,5.01E+14,Mascoutah CUD 19,Mascoutah,Saint Clair,HIGH SCHOOL,Non Chicago School,9,60.8
386,2.06E+13,Massac County High School,2.06E+13,Massac UD 1,Metropolis,Massac,HIGH SCHOOL,Non Chicago School,38.1,48.9
387,1.10E+14,Mattoon High School,1.10E+14,Mattoon CUSD 2,Mattoon,Coles,HIGH SCHOOL,Non Chicago School,20.3,59.7
388,4.41E+14,McHenry High School-West Campus,4.41E+14,McHenry CHSD 156,McHenry,McHenry,HIGH SCHOOL,Non Chicago School,1.9,56.9
389,4.41E+14,McHenryEast High School,4.41E+14,McHenry CHSD 156,McHenry,McHenry,HIGH SCHOOL,Non Chicago School,3.7,61.3
390,1.71E+14,Normal Community High School,1.71E+14,McLean County USD 5,Normal,McLean,HIGH SCHOOL,Non Chicago School,14.3,71.6
391,1.71E+14,Normal Community West High School,1.71E+14,McLean County USD 5,Normal,McLean,HIGH SCHOOL,Non Chicago School,15.2,64.1
392,3.51E+14,Mendota Twp High School,3.51E+14,Mendota Twp HSD 280,Mendota,La Salle,HIGH SCHOOL,Non Chicago School,20.3,62.3
393,4.61E+14,Meredosia-Chambersburg High Sch,4.61E+14,Meredosia-Chambersburg CUSD 11,Meredosia,Morgan,HIGH SCHOOL,Non Chicago School,20.2,40
394,2.08E+13,Meridian High School,2.08E+13,Meridian CUSD 101,Mounds,Pulaski,HIGH SCHOOL,Non Chicago School,71,15.6
395,3.91E+14,Meridian High School,3.91E+14,Meridian CUSD 15,Macon,Macon,HIGH SCHOOL,Non Chicago School,13,62.7
396,4.71E+14,Stillman Valley High School,4.71E+14,Meridian CUSD 223,Stillman Valley,Ogle,HIGH SCHOOL,Non Chicago School,5.6,54.6
397,4.31E+14,Midland High School,4.31E+14,Midland CUSD 7,Varna,Marshall,HIGH SCHOOL,Non Chicago School,13.5,54.9
398,3.81E+14,Midwest Central High School,3.81E+14,Midwest Central CUSD 191,Manito,Mason,HIGH SCHOOL,Non Chicago School,28.5,64.1
399,3.20E+14,Milford High School,3.20E+14,Milford Twp HSD 233,Milford,Iroquois,HIGH SCHOOL,Non Chicago School,32,43
400,2.40E+14,Minooka Community High School,2.40E+14,Minooka CHSD 111,Minooka,Grundy,HIGH SCHOOL,Non Chicago School,3.1,60.9
401,4.91E+14,Moline Sr High School,4.91E+14,Moline USD 40,Moline,Rock Island,HIGH SCHOOL,Non Chicago School,20.9,53.8
402,3.20E+14,Momence High School,3.20E+14,Momence CUSD 1,Momence,Kankakee,HIGH SCHOOL,Non Chicago School,50.9,55.9
403,2.71E+14,MONMOUTH HIGH SCHOOL,2.71E+14,MONMOUTH UNIT SCH DIST 38,MONMOUTH,WARREN,HIGH SCHOOL,Non Chicago School,27.2,46.3
404,3.91E+14,Monticello High School,3.91E+14,Monticello CUSD 25,Monticello,Piatt,HIGH SCHOOL,Non Chicago School,7.6,72.4
405,2.40E+14,Morris Community High School,2.40E+14,Morris CHSD 101,Morris,Grundy,HIGH SCHOOL,Non Chicago School,9.3,62.5
406,5.51E+14,Morrison High School,5.51E+14,Morrison CUSD 6,Morrison,Whiteside,HIGH SCHOOL,Non Chicago School,16,71.9
407,1.00E+14,Morrisonville High School,1.00E+14,Morrisonville CUSD 1,Morrisonville,Christian,HIGH SCHOOL,Non Chicago School,23.1,31.2
408,5.31E+14,Morton High School,5.31E+14,Morton CUSD 709,Morton,Tazewell,HIGH SCHOOL,Non Chicago School,4,75.1
409,4.01E+14,Mt Olive High School,4.01E+14,Mount Olive CUSD 5,Mount Olive,Macoupin,HIGH SCHOOL,Non Chicago School,11.8,44.2
410,8.01E+13,MT CARROLLJR/SR HIGH SCHOOL,8.01E+13,MT CARROLL COMM UNIT DIST 304,MOUNT CARROLL,CARROLL,HIGH SCHOOL,Non Chicago School,31,53.9
411,3.81E+14,Mount Pulaski High School,3.81E+14,Mt Pulaski CUSD 23,Mount Pulaski,Logan,HIGH SCHOOL,Non Chicago School,10.3,81.2
412,2.50E+14,Mount Vernon High School,2.50E+14,Mt Vernon Twp HSD 201,Mount Vernon,Jefferson,HIGH SCHOOL,Non Chicago School,26.1,54.2
413,3.91E+14,Mt Zion High School,3.91E+14,Mt Zion CUSD 3,Mount Zion,Macon,HIGH SCHOOL,Non Chicago School,4.5,73.5
414,3.00E+13,Mulberry Grove Sr High School,3.00E+13,Mulberry Grove CUSD 1,Mulberry Grove,Bond,HIGH SCHOOL,Non Chicago School,18.8,40.5
415,3.40E+14,Mundelein Cons High School,3.40E+14,Mundelein Cons HSD 120,Mundelein,Lake,HIGH SCHOOL,Non Chicago School,20.5,57.8
416,3.00E+14,Murphysboro High School,3.00E+14,Murphysboro CUSD 186,Murphysboro,Jackson,HIGH SCHOOL,Non Chicago School,32.9,59.6
417,1.90E+14,Naperville Central High School,1.90E+14,Naperville CUSD 203,Naperville,Dupage,HIGH SCHOOL,Non Chicago School,1.4,87
418,1.90E+14,Naperville North High School,1.90E+14,Naperville CUSD 203,Naperville,Dupage,HIGH SCHOOL,Non Chicago School,4.1,78.9
419,1.31E+14,Nashville Comm High School,1.31E+14,Nashville CHSD 99,Nashville,Washington,HIGH SCHOOL,Non Chicago School,8.8,65.6
420,2.60E+14,Nauvoo-Colusa Sr High School,2.60E+14,Nauvoo-Colusa CUSD 325,Nauvoo,Hancock,HIGH SCHOOL,Non Chicago School,30.1,44.6
421,1.10E+14,Neoga Sr High School,1.10E+14,Neoga CUSD 3,Neoga,Cumberland,HIGH SCHOOL,Non Chicago School,19.7,56.7
422,5.01E+14,New Athens High School,5.01E+14,New Athens CUSD 60,New Athens,Saint Clair,HIGH SCHOOL,Non Chicago School,12.9,68.6
423,5.11E+14,New Berlin High School,5.11E+14,New Berlin CUSD 16,New Berlin,Sangamon,HIGH SCHOOL,Non Chicago School,11.6,59.1
424,5.02E+13,New Trier Township H S Winnetka,5.02E+13,New Trier Twp HSD 203,Winnetka,Cook,HIGH SCHOOL,Non Chicago School,1.8,90
425,2.40E+14,Newark Comm High School,2.40E+14,Newark CHSD 18,Newark,Kendall,HIGH SCHOOL,Non Chicago School,2.7,55.5
426,3.91E+14,NIANTIC-HARRISTOWN HIGH SCHOOL,3.91E+14,NIANTIC-HARRISTOWN C U S D 6,NIANTIC,MACON,HIGH SCHOOL,Non Chicago School,20.5,45.3
427,5.02E+13,Niles West High School,5.02E+13,Niles Twp CHSD 219,Skokie,Cook,HIGH SCHOOL,Non Chicago School,8,66.9
428,5.02E+13,Niles North High School,5.02E+13,Niles Twp CHSD 219,Skokie,Cook,HIGH SCHOOL,Non Chicago School,10.8,67.1
429,1.01E+14,Nokomis Jr/Sr High Sch,1.01E+14,Nokomis CUSD 22,Nokomis,Montgomery,HIGH SCHOOL,Non Chicago School,28.1,53.7
430,2.01E+14,Norris City-Omaha-Enfield H S,2.01E+14,Norris City-Omaha-Enfield CUSD 3,Norris City,White,HIGH SCHOOL,Non Chicago School,23.1,47.8
431,4.00E+13,North Boone High School,4.00E+13,North Boone CUSD 200,Poplar Grove,Boone,HIGH SCHOOL,Non Chicago School,24.9,56.9
432,3.40E+14,North Chicago Community High Sch,3.40E+14,North Chicago SD 187,North Chicago,Lake,HIGH SCHOOL,Non Chicago School,52.1,25.7
433,1.20E+14,North Clay Community High School,1.20E+14,North Clay CUSD 25,Louisville,Clay,HIGH SCHOOL,Non Chicago School,22.1,35.6
434,4.00E+14,North Greene Jr/Sr High Sch,4.00E+14,North Greene CUSD 3,White Hall,Greene,HIGH SCHOOL,Non Chicago School,29.7,36
435,2.01E+14,Cisne High School,2.01E+14,North Wayne CUSD 200,Cisne,Wayne,HIGH SCHOOL,Non Chicago School,23,70.3
436,5.02E+13,Glenbrook North High School,5.02E+13,Northfield Twp HSD 225,Northbrook,Cook,HIGH SCHOOL,Non Chicago School,1.9,87
437,5.02E+13,Glenbrook South High School,5.02E+13,Northfield Twp HSD 225,Glenview,Cook,HIGH SCHOOL,Non Chicago School,11.6,82.2
438,4.01E+14,Northwestern High School,4.01E+14,Northwestern CUSD 2,Palmyra,Macoupin,HIGH SCHOOL,Non Chicago School,24.1,52.7
439,5.01E+14,O Fallon High School,5.01E+14,O Fallon Twp HSD 203,O Fallon,Saint Clair,HIGH SCHOOL,Non Chicago School,8.2,75.6
440,7.02E+13,Oak Lawn Comm High School,7.02E+13,Oak Lawn CHSD 229,Oak Lawn,Cook,HIGH SCHOOL,Non Chicago School,9.8,53.5
441,6.02E+13,Oak Park & River Forest High Sch,6.02E+13,Oak Park - River Forest SD 200,Oak Park,Cook,HIGH SCHOOL,Non Chicago School,9.7,71.6
442,1.10E+14,Oakland High School,1.10E+14,Oakland CUSD 5,Oakland,Coles,HIGH SCHOOL,Non Chicago School,25.6,61.3
443,5.41E+14,Oakwood High School,5.41E+14,Oakwood CUSD 76,Fithian,Vermilion,HIGH SCHOOL,Non Chicago School,14.9,48.2
444,1.20E+14,Oblong High School,1.20E+14,Oblong CUSD 4,Oblong,Crawford,HIGH SCHOOL,Non Chicago School,27.1,38.4
445,1.31E+14,Odin High School,1.31E+14,Odin CHSD 700,Odin,Marion,HIGH SCHOOL,Non Chicago School,33,32.9
446,2.80E+14,Ohio Community High School,2.80E+14,Ohio CHSD 505,Ohio,Bureau,HIGH SCHOOL,Non Chicago School,1.8,68.4
447,1.11E+14,Okaw Valley High School,1.11E+14,Okaw Valley CUSD 302,Bethany,Moultrie,HIGH SCHOOL,Non Chicago School,14.5,60
448,1.71E+14,Olympia High School,1.71E+14,Olympia CUSD 16,Stanford,McLean,HIGH SCHOOL,Non Chicago School,13.5,60.4
449,8.09E+13,Orangeville High School,8.09E+13,Orangeville CUSD 203,Orangeville,Stephenson,HIGH SCHOOL,Non Chicago School,17.9,53.9
450,4.71E+14,Oregon High School,4.71E+14,Oregon CUSD 220,Oregon,Ogle,HIGH SCHOOL,Non Chicago School,14,54.5
451,2.80E+14,Orion High School,2.80E+14,Orion CUSD 223,Orion,Henry,HIGH SCHOOL,Non Chicago School,9.3,63.9
452,2.40E+14,Oswego High School,2.40E+14,Oswego CUSD 308,Oswego,Kendall,HIGH SCHOOL,Non Chicago School,6.9,57.6
453,3.51E+14,Ottawa Township High School,3.51E+14,Ottawa Twp HSD 140,Ottawa,La Salle,HIGH SCHOOL,Non Chicago School,8.1,51.5
454,1.20E+14,Palestine High School,1.20E+14,Palestine CUSD 3,Palestine,Crawford,HIGH SCHOOL,Non Chicago School,27.9,60.9
455,1.00E+14,Pana Sr High School,1.00E+14,Pana CUSD 8,Pana,Christian,HIGH SCHOOL,Non Chicago School,32.5,56.4
456,1.01E+14,Lincolnwood High School,1.01E+14,Panhandle CUSD 2,Raymond,Montgomery,HIGH SCHOOL,Non Chicago School,16.9,56.4
457,1.10E+14,Paris High School,1.10E+14,Paris-Union SD 95,Paris,Edgar,HIGH SCHOOL,Non Chicago School,16,61
458,1.31E+14,Patoka Sr High School,1.31E+14,Patoka CUSD 100,Patoka,Marion,HIGH SCHOOL,Non Chicago School,50.6,41.1
459,4.71E+14,Paw Paw Jr/Sr High School,4.71E+14,Paw Paw CUSD 271,Paw Paw,Lee,HIGH SCHOOL,Non Chicago School,15.9,49.3
460,4.71E+14,FRANKLIN CENTER JR SR HIGH SCHOOL,4.71E+14,Paw Paw CUSD 271,FRANKLIN GROVE,LEE,HIGH SCHOOL,Non Chicago School,0,65.5
461,5.11E+14,Pawnee Jr/Sr High Sch,5.11E+14,Pawnee CUSD 11,Pawnee,Sangamon,HIGH SCHOOL,Non Chicago School,5.3,58
462,9.03E+13,Paxton-Buckley-Loda High School,9.03E+13,Paxton-Buckley-Loda CUD 10,Paxton,Ford,HIGH SCHOOL,Non Chicago School,19.6,60.1
463,1.00E+13,Seymour High School,1.00E+13,Payson CUSD 1,Payson,Adams,HIGH SCHOOL,Non Chicago School,39.7,45.9
464,8.09E+13,Pearl City High School,8.09E+13,Pearl City CUSD 200,Pearl City,Stephenson,HIGH SCHOOL,Non Chicago School,16,60
465,4.10E+13,Pecatonica High School,4.10E+13,Pecatonica CUSD 321,Pecatonica,Winnebago,HIGH SCHOOL,Non Chicago School,9.6,56.7
466,5.31E+14,Pekin Community High School,5.31E+14,Pekin CSD 303,Pekin,Tazewell,HIGH SCHOOL,Non Chicago School,23.5,52
467,4.81E+14,Peoria Heights High School,4.81E+14,Peoria Heights CUSD 325,Peoria Heights,Peoria,HIGH SCHOOL,Non Chicago School,22.6,55.4
468,4.81E+14,Richwoods High School,4.81E+14,Peoria SD 150,Peoria,Peoria,HIGH SCHOOL,Non Chicago School,16.8,64.5
469,4.81E+14,Peoria High School,4.81E+14,Peoria SD 150,Peoria,Peoria,HIGH SCHOOL,Non Chicago School,51.9,31.1
470,4.81E+14,Manual Academy,4.81E+14,Peoria SD 150,Peoria,Peoria,HIGH SCHOOL,Non Chicago School,84.3,20.6
471,4.81E+14,Woodruff High School,4.81E+14,Peoria SD 150,Peoria,Peoria,HIGH SCHOOL,Non Chicago School,46.3,31.4
472,56099207U260001,Peotone High School,56099207U260000,Peotone CUSD 207U,Peotone,Will,HIGH SCHOOL,Non Chicago School,4.7,52.1
473,1.08E+13,Pittsfield High School,1.08E+13,Pikeland CUSD 10,Pittsfield,Pike,HIGH SCHOOL,Non Chicago School,27,51.3
474,3.01E+14,Pinckneyville Comm High School,3.01E+14,Pinckneyville CHSD 101,Pinckneyville,Perry,HIGH SCHOOL,Non Chicago School,12.2,53.7
475,5.61E+14,Plainfield High School,5.61E+14,Plainfield SD 202,Plainfield,Will,HIGH SCHOOL,Non Chicago School,1,58.8
476,5.61E+14,Plainfield South High School,5.61E+14,Plainfield SD 202,Plainfield,Will,HIGH SCHOOL,Non Chicago School,2.8,51.4
477,2.40E+14,Plano High School,2.40E+14,Plano CUSD 88,Plano,Kendall,HIGH SCHOOL,Non Chicago School,2.2,47.5
478,1.08E+13,Pleasant Hill High School,1.08E+13,Pleasant Hill CUSD 3,Pleasant Hill,Pike,HIGH SCHOOL,Non Chicago School,25.4,54.3
479,5.11E+14,Pleasant Plains High School,5.11E+14,Pleasant Plains CUSD 8,Pleasant Plains,Sangamon,HIGH SCHOOL,Non Chicago School,4.3,68.5
480,4.71E+14,Polo Comm High School,4.71E+14,Polo CUSD 222,Polo,Ogle,HIGH SCHOOL,Non Chicago School,26.9,58.1
481,1.71E+14,Pontiac High School,1.71E+14,Pontiac Twp HSD 90,Pontiac,Livingston,HIGH SCHOOL,Non Chicago School,18.1,62.4
482,2.01E+14,Pope Co High School,2.01E+14,Pope Co CUD 1,Golconda,Pope,HIGH SCHOOL,Non Chicago School,40.4,38.9
483,3.81E+14,Porta High School,3.81E+14,Porta CUSD 202,Petersburg,Menard,HIGH SCHOOL,Non Chicago School,12.8,65
484,1.71E+14,Prairie Central High School,1.71E+14,Prairie Central CUSD 8,Fairbury,Livingston,HIGH SCHOOL,Non Chicago School,19.5,68.1
485,2.80E+14,Princeton High School,2.80E+14,Princeton HSD 500,Princeton,Bureau,HIGH SCHOOL,Non Chicago School,12.7,72.5
486,4.81E+14,Princeville High School,4.81E+14,Princeville CUSD 326,Princeville,Peoria,HIGH SCHOOL,Non Chicago School,12.5,62.3
487,5.51E+14,Prophetstown High School,5.51E+14,Prophetstown-Lyndon-Tampico CUSD3,Prophetstown,Whiteside,HIGH SCHOOL,Non Chicago School,26.7,54.9
488,6.02E+13,Proviso West High School,6.02E+13,Proviso Twp HSD 209,Hillside,Cook,HIGH SCHOOL,Non Chicago School,22.5,26.3
489,6.02E+13,Proviso East High School,6.02E+13,Proviso Twp HSD 209,Maywood,Cook,HIGH SCHOOL,Non Chicago School,23.2,22.1
490,4.31E+14,Putnam County High School,4.31E+14,Putnam County CUSD 535,Granville,Putnam,HIGH SCHOOL,Non Chicago School,22.5,60.1
491,1.00E+13,Quincy Sr High School,1.00E+13,Quincy SD 172,Quincy,Adams,HIGH SCHOOL,Non Chicago School,27.9,49.7
492,3.30E+14,R O W V A Sr High School,3.30E+14,R O W V A CUSD 208,Oneida,Knox,HIGH SCHOOL,Non Chicago School,18.5,66.9
493,3.03E+13,Ramsey High School,3.03E+13,Ramsey CUSD 204,Ramsey,Fayette,HIGH SCHOOL,Non Chicago School,43.2,54.5
494,9.01E+13,Rantoul Twp High School,9.01E+13,Rantoul Township HSD 193,Rantoul,Champaign,HIGH SCHOOL,Non Chicago School,28.8,57.1
495,7.02E+13,Reavis High School,7.02E+13,Reavis Twp HSD 220,Burbank,Cook,HIGH SCHOOL,Non Chicago School,9,48.7
496,4.51E+14,Red Bud High School,4.51E+14,Red Bud CUSD 132,Red Bud,Randolph,HIGH SCHOOL,Non Chicago School,14.1,56.9
497,1.21E+14,Red Hill Jr/Sr High School,1.21E+14,Red Hill CUSD 10,Bridgeport,Lawrence,HIGH SCHOOL,Non Chicago School,36.8,56.7
498,56099255U260001,Reed-Custer High School,56099255U260000,Reed Custer CUSD 255U,Braidwood,Will,HIGH SCHOOL,Non Chicago School,23.5,63.1
499,7.02E+13,Rich Central Campus High School,7.02E+13,Rich Twp HSD 227,Olympia Fields,Cook,HIGH SCHOOL,Non Chicago School,40.1,41.8
500,7.02E+13,Rich East Campus High School,7.02E+13,Rich Twp HSD 227,Park Forest,Cook,HIGH SCHOOL,Non Chicago School,55.9,51.1
501,7.02E+13,Rich South Campus High School,7.02E+13,Rich Twp HSD 227,Richton Park,Cook,HIGH SCHOOL,Non Chicago School,44.5,38.5
502,4.41E+14,Richmond-Burton High School,4.41E+14,Richmond-Burton CHSD 157,Richmond,McHenry,HIGH SCHOOL,Non Chicago School,2,61.9
503,1.71E+14,Ridgeview High School,1.71E+14,Ridgeview CUSD 19,Colfax,McLean,HIGH SCHOOL,Non Chicago School,19.1,62.3
504,6.02E+13,Ridgewood Comm High School,6.02E+13,Ridgewood CHSD 234,Norridge,Cook,HIGH SCHOOL,Non Chicago School,4.8,60.8
505,5.51E+14,Fulton High School,5.51E+14,River Bend CUSD 2,Fulton,Whiteside,HIGH SCHOOL,Non Chicago School,13.5,57.4
506,8.04E+13,River Ridge High School,8.04E+13,River Ridge CUSD 210,Hanover,Jo Daviess,HIGH SCHOOL,Non Chicago School,25,75.5
507,4.91E+14,Riverdale Sr High School,4.91E+14,Riverdale CUSD 100,Port Byron,Rock Island,HIGH SCHOOL,Non Chicago School,12,70.4
508,6.02E+13,Riverside Brookfield Twp HS,6.02E+13,Riverside-Brookfield Twp SD 208,Riverside,Cook,HIGH SCHOOL,Non Chicago School,6.8,77
509,5.11E+14,Riverton High School,5.11E+14,Riverton CUSD 14,Riverton,Sangamon,HIGH SCHOOL,Non Chicago School,17,49.1
510,4.31E+14,Roanoke-Benson High School,4.31E+14,Roanoke Benson CUSD 60,Roanoke,Woodford,HIGH SCHOOL,Non Chicago School,8.9,74.3
511,1.20E+14,Robinson High School,1.20E+14,Robinson CUSD 2,Robinson,Crawford,HIGH SCHOOL,Non Chicago School,26.1,57.8
512,4.71E+14,Rochelle Twp High School,4.71E+14,Rochelle Twp HSD 212,Rochelle,Ogle,HIGH SCHOOL,Non Chicago School,14,55.1
513,51084003A260001,Rochester High School,51084003A260000,Rochester CUSD 3A,Rochester,Sangamon,HIGH SCHOOL,Non Chicago School,3.1,74.7
514,5.51E+14,Rock Falls Township High School,5.51E+14,Rock Falls Twp HSD 301,Rock Falls,Whiteside,HIGH SCHOOL,Non Chicago School,30.5,60.7
515,4.91E+14,Rock Island High School,4.91E+14,Rock Island SD 41,Rock Island,Rock Island,HIGH SCHOOL,Non Chicago School,41,44.8
516,4.10E+13,Auburn High School,4.10E+13,Rockford SD 205,Rockford,Winnebago,HIGH SCHOOL,Non Chicago School,50.4,54.9
517,4.10E+13,Guilford High School,4.10E+13,Rockford SD 205,Rockford,Winnebago,HIGH SCHOOL,Non Chicago School,30.7,56.2
518,4.10E+13,Rockford East High School,4.10E+13,Rockford SD 205,Rockford,Winnebago,HIGH SCHOOL,Non Chicago School,44,35.6
519,4.10E+13,Jefferson High School,4.10E+13,Rockford SD 205,Rockford,Winnebago,HIGH SCHOOL,Non Chicago School,41,47.3
520,4.91E+14,Rockridge High School,4.91E+14,Rockridge CUSD 300,Taylor Ridge,Rock Island,HIGH SCHOOL,Non Chicago School,8.2,44.2
521,2.71E+14,ROSEVILLE HIGH SCHOOL,2.71E+14,ROSEVILLE C U SCH DIST 200,ROSEVILLE,WARREN,HIGH SCHOOL,Non Chicago School,24.5,66.7
522,5.41E+14,ROSSVILLE-ALVIN HIGH SCHOOL,5.41E+14,Rossville-Alvin CUSD 7,ROSSVILLE,VERMILION,HIGH SCHOOL,Non Chicago School,26.8,40
523,3.40E+14,Round Lake Senior High School,3.40E+14,Round Lake CUSD 116,Round Lake,Lake,HIGH SCHOOL,Non Chicago School,49.7,38.5
524,4.11E+14,Roxana Sr High School,4.11E+14,Roxana CUSD 1,Roxana,Madison,HIGH SCHOOL,Non Chicago School,23.5,50.1
525,1.31E+14,Salem Community High School,1.31E+14,Salem CHSD 600,Salem,Marion,HIGH SCHOOL,Non Chicago School,22.6,56.7
526,1.31E+14,Sandoval Sr High School,1.31E+14,Sandoval CUSD 501,Sandoval,Marion,HIGH SCHOOL,Non Chicago School,47,54.8
527,1.60E+14,Sandwich Community High School,1.60E+14,Sandwich CUSD 430,Sandwich,Dekalb,HIGH SCHOOL,Non Chicago School,10.1,53.3
528,8.01E+13,SAVANNA SENIOR HIGH SCHOOL,8.01E+13,SAVANNA COMMUNITY UNIT DIST 300,SAVANNA,CARROLL,HIGH SCHOOL,Non Chicago School,49.1,48.8
529,8.04E+13,Scales Mound High School,8.04E+13,Scales Mound CUSD 211,Scales Mound,Jo Daviess,HIGH SCHOOL,Non Chicago School,13.6,58.1
530,2.21E+14,RUSHVILLE HIGH SCHOOL,2.21E+14,SCHUYLER CO C U SCH DIST 1,RUSHVILLE,SCHUYLER,HIGH SCHOOL,Non Chicago School,26.5,53.6
531,4.61E+14,Bluffs High School,4.61E+14,Scott-Morgan CUSD 2,Bluffs,Scott,HIGH SCHOOL,Non Chicago School,36.3,23.8
532,3.10E+14,Bartlett High School,3.10E+14,SD U-46,Bartlett,Kane,HIGH SCHOOL,Non Chicago School,8.1,62
533,3.10E+14,Streamwood High School,3.10E+14,SD U-46,Streamwood,Kane,HIGH SCHOOL,Non Chicago School,26.6,48.6
534,3.10E+14,Larkin High School,3.10E+14,SD U-46,Elgin,Kane,HIGH SCHOOL,Non Chicago School,32.9,50.7
535,3.10E+14,Elgin High School,3.10E+14,SD U-46,Elgin,Kane,HIGH SCHOOL,Non Chicago School,41,42.5
536,3.51E+14,Seneca High School,3.51E+14,Seneca Twp HSD 160,Seneca,La Salle,HIGH SCHOOL,Non Chicago School,11.2,56.6
537,3.51E+14,Serena High School,3.51E+14,Serena CUSD 2,Serena,La Salle,HIGH SCHOOL,Non Chicago School,3.5,56.3
538,2.10E+14,Sesser-Valier High School,2.10E+14,Sesser-Valier CUSD 196,Sesser,Franklin,HIGH SCHOOL,Non Chicago School,41.5,53.9
539,2.09E+13,Shawnee High School,2.09E+13,Shawnee CUSD 84,Wolf Lake,Union,HIGH SCHOOL,Non Chicago School,59.9,54.1
540,1.11E+14,Shelbyville High School,1.11E+14,Shelbyville CUSD 4,Shelbyville,Shelby,HIGH SCHOOL,Non Chicago School,25.8,44.1
541,4.91E+14,Sherrard High School,4.91E+14,Sherrard CUSD 200,Sherrard,Rock Island,HIGH SCHOOL,Non Chicago School,15.1,58.3
542,1.10E+14,Shiloh High School,1.10E+14,Shiloh CUSD 1,Hume,Edgar,HIGH SCHOOL,Non Chicago School,41.9,51.8
543,1.60E+14,Somonauk High School,1.60E+14,Somonauk CUSD 432,Somonauk,Dekalb,HIGH SCHOOL,Non Chicago School,3.5,55.6
544,1.31E+14,South Central High School,1.31E+14,South Central CUD 401,Farina,Marion,HIGH SCHOOL,Non Chicago School,39.4,46.6
545,1.00E+14,South Fork Jr Sr High School,1.00E+14,South Fork SD 14,Kincaid,Christian,HIGH SCHOOL,Non Chicago School,47.3,36.7
546,2.60E+14,Southeastern Jr/Sr High School,2.60E+14,Southeastern CUSD 337,Augusta,Hancock,HIGH SCHOOL,Non Chicago School,33.9,37.6
547,2.70E+14,SOUTHERN HIGH SCHOOL,2.70E+14,SOUTHERN C U SCHOOL DIST 120,STRONGHURST,HENDERSON,HIGH SCHOOL,Non Chicago School,20.9,58.3
548,4.01E+14,Southwestern High School,4.01E+14,Southwestern CUSD 9,Piasa,Macoupin,HIGH SCHOOL,Non Chicago School,12.4,48.1
549,4.51E+14,Sparta High School,4.51E+14,Sparta CUSD 140,Sparta,Randolph,HIGH SCHOOL,Non Chicago School,34.8,45.3
550,2.20E+14,Spoon River Valley Sr High Sch,2.20E+14,Spoon River Valley CUSD 4,London Mills,Fulton,HIGH SCHOOL,Non Chicago School,21.7,58.3
551,5.11E+14,Springfield High School,5.11E+14,Springfield SD 186,Springfield,Sangamon,HIGH SCHOOL,Non Chicago School,26.7,60.3
552,5.11E+14,Springfield Southeast High Sch,5.11E+14,Springfield SD 186,Springfield,Sangamon,HIGH SCHOOL,Non Chicago School,44.4,44.2
553,5.11E+14,Lanphier High School,5.11E+14,Springfield SD 186,Springfield,Sangamon,HIGH SCHOOL,Non Chicago School,51.6,39.3
554,3.20E+14,St Anne Comm High School,3.20E+14,St Anne CHSD 302,Saint Anne,Kankakee,HIGH SCHOOL,Non Chicago School,67,22
555,3.10E+14,St Charles North High School,3.10E+14,St Charles CUSD 303,St Charles,Kane,HIGH SCHOOL,Non Chicago School,1.2,70.5
556,3.10E+14,St Charles East High School,3.10E+14,St Charles CUSD 303,St Charles,Kane,HIGH SCHOOL,Non Chicago School,6.6,65.2
557,3.03E+13,St Elmo Sr High School,3.03E+13,St Elmo CUSD 202,Saint Elmo,Fayette,HIGH SCHOOL,Non Chicago School,36.5,51.7
558,9.01E+13,St Joseph-Ogden High School,9.01E+13,St Joseph Ogden CHSD 305,Saint Joseph,Champaign,HIGH SCHOOL,Non Chicago School,3.5,66.9
559,2.81E+14,Stark County High School,2.81E+14,Stark County CUSD 100,Toulon,Stark,HIGH SCHOOL,Non Chicago School,18.2,52.8
560,4.01E+14,Staunton High School,4.01E+14,Staunton CUSD 6,Staunton,Macoupin,HIGH SCHOOL,Non Chicago School,7.4,55.4
561,4.51E+14,Steeleville High School,4.51E+14,Steeleville CUSD 138,Steeleville,Randolph,HIGH SCHOOL,Non Chicago School,11,59.6
562,5.51E+14,Sterling High School,5.51E+14,Sterling CUSD 5,Sterling,Whiteside,HIGH SCHOOL,Non Chicago School,28.5,53.2
563,11087005A260001,Stewardson-Strasburg High School,11087005A260000,Stewardson-Strasburg CUD 5A,Strasburg,Shelby,HIGH SCHOOL,Non Chicago School,17.5,56.7
564,8.04E+13,Stockton Sr High School,8.04E+13,Stockton CUSD 206,Stockton,Jo Daviess,HIGH SCHOOL,Non Chicago School,19.8,59.2
565,3.51E+14,Streator Twp High School,3.51E+14,Streator Twp HSD 40,Streator,La Salle,HIGH SCHOOL,Non Chicago School,24.9,47.8
566,1.11E+14,Sullivan High School,1.11E+14,Sullivan CUSD 300,Sullivan,Moultrie,HIGH SCHOOL,Non Chicago School,17.9,61
567,1.60E+14,Sycamore High School,1.60E+14,Sycamore CUSD 427,Sycamore,Dekalb,HIGH SCHOOL,Non Chicago School,5.2,68.3
568,1.00E+14,Taylorville Sr High School,1.00E+14,Taylorville CUSD 3,Taylorville,Christian,HIGH SCHOOL,Non Chicago School,20.2,52.1
569,3.03E+13,Teutopolis High School,3.03E+13,Teutopolis CUSD 50,Teutopolis,Effingham,HIGH SCHOOL,Non Chicago School,1.2,68.1
570,2.10E+14,THOMPSONVILLE HIGH SCHOOL,2.10E+14,THOMPSONVILLE CHSD 112,THOMPSONVILLE,FRANKLIN,HIGH SCHOOL,Non Chicago School,43.4,43.2
571,8.01E+13,THOMSON JR SR HIGH SCHOOL,8.01E+13,THOMSON COM UNIT DIST 301,THOMSON,CARROLL,HIGH SCHOOL,Non Chicago School,29.3,68.1
572,7.02E+13,Thornton Fractnl So High School,7.02E+13,Thornton Fractional Twp HSD 215,Lansing,Cook,HIGH SCHOOL,Non Chicago School,20.3,61.3
573,7.02E+13,Thornton Fractnl No High School,7.02E+13,Thornton Fractional Twp HSD 215,Calumet City,Cook,HIGH SCHOOL,Non Chicago School,59,45.7
574,7.02E+13,Thornwood High School,7.02E+13,Thornton Twp HSD 205,South Holland,Cook,HIGH SCHOOL,Non Chicago School,26.5,37.5
575,7.02E+13,Thornridge High School,7.02E+13,Thornton Twp HSD 205,Dolton,Cook,HIGH SCHOOL,Non Chicago School,34.8,28.9
576,7.02E+13,Thornton Township High School,7.02E+13,Thornton Twp HSD 205,Harvey,Cook,HIGH SCHOOL,Non Chicago School,58.6,28.4
577,9.01E+13,Unity High School,9.01E+13,Tolono CUSD 7,Tolono,Champaign,HIGH SCHOOL,Non Chicago School,10.2,66.8
578,5.02E+13,Wm Fremd High School,5.02E+13,Township HSD 211,Palatine,Cook,HIGH SCHOOL,Non Chicago School,4.1,78.5
579,5.02E+13,J B Conant High School,5.02E+13,Township HSD 211,Hoffman Estates,Cook,HIGH SCHOOL,Non Chicago School,0,73.2
580,5.02E+13,Schaumburg High School,5.02E+13,Township HSD 211,Schaumburg,Cook,HIGH SCHOOL,Non Chicago School,9.4,67.1
581,5.02E+13,Palatine High School,5.02E+13,Township HSD 211,Palatine,Cook,HIGH SCHOOL,Non Chicago School,23.1,66.7
582,5.02E+13,Hoffman Estates High School,5.02E+13,Township HSD 211,Hoffman Estates,Cook,HIGH SCHOOL,Non Chicago School,13.3,63.9
583,5.02E+13,Prospect High School,5.02E+13,Township HSD 214,Mt Prospect,Cook,HIGH SCHOOL,Non Chicago School,6.1,79.9
584,5.02E+13,John Hersey High School,5.02E+13,Township HSD 214,Arlington Heights,Cook,HIGH SCHOOL,Non Chicago School,5.2,75.4
585,5.02E+13,Buffalo Grove High School,5.02E+13,Township HSD 214,Buffalo Grove,Cook,HIGH SCHOOL,Non Chicago School,5.4,76.2
586,5.02E+13,Rolling Meadows High School,5.02E+13,Township HSD 214,Rolling Meadows,Cook,HIGH SCHOOL,Non Chicago School,11,74.8
587,5.02E+13,Elk Grove High School,5.02E+13,Township HSD 214,Elk Grove Village,Cook,HIGH SCHOOL,Non Chicago School,13.9,69
588,5.02E+13,Wheeling High School,5.02E+13,Township HSD 214,Wheeling,Cook,HIGH SCHOOL,Non Chicago School,23.6,60.2
589,5.31E+14,Tremont High School,5.31E+14,Tremont CUSD 702,Tremont,Tazewell,HIGH SCHOOL,Non Chicago School,1,71.8
590,5.11E+14,Tri-City High School,5.11E+14,Tri City CUSD 1,Buffalo,Sangamon,HIGH SCHOOL,Non Chicago School,11.1,48.3
591,17053006J260001,Tri-Point High School,17053006J260000,Tri Point CUSD 6-J,Cullom,Livingston,HIGH SCHOOL,Non Chicago School,22.7,56.5
592,1.71E+14,Tri-Valley High School,1.71E+14,Tri Valley CUSD 3,Downs,McLean,HIGH SCHOOL,Non Chicago School,6.4,68
593,4.11E+14,Triad High School,4.11E+14,Triad CUSD 2,Troy,Madison,HIGH SCHOOL,Non Chicago School,10.9,58.9
594,3.00E+14,Trico Senior High School,3.00E+14,Trico CUSD 176,Campbell Hill,Jackson,HIGH SCHOOL,Non Chicago School,19.9,53.5
595,4.61E+14,Triopia Jr-Sr High School,4.61E+14,Triopia CUSD 27,Concord,Morgan,HIGH SCHOOL,Non Chicago School,13,60
596,1.10E+14,Tuscola High School,1.10E+14,Tuscola CUSD 301,Tuscola,Douglas,HIGH SCHOOL,Non Chicago School,8.9,60.1
597,3.40E+14,Deerfield High School,3.40E+14,Twp HSD 113,Deerfield,Lake,HIGH SCHOOL,Non Chicago School,0.8,87.9
598,3.40E+14,Highland Park High School,3.40E+14,Twp HSD 113,Highland Park,Lake,HIGH SCHOOL,Non Chicago School,13.2,80.2
599,2.70E+14,UNION HIGH SCHOOL,2.70E+14,UNION COMMUNITY UNIT SCH DIST 115,BIGGSVILLE,HENDERSON,HIGH SCHOOL,Non Chicago School,36.5,49.3
600,4.91E+14,United Twp High School,4.91E+14,United Twp HSD 30,East Moline,Rock Island,HIGH SCHOOL,Non Chicago School,38.2,40.1
601,9.01E+13,Urbana High School,9.01E+13,Urbana SD 116,Urbana,Champaign,HIGH SCHOOL,Non Chicago School,32,62.1
602,2.20E+14,V I T Sr High School,2.20E+14,V I T CUSD 2,Table Grove,Fulton,HIGH SCHOOL,Non Chicago School,26.8,55.6
603,56099365U260008,Romeoville High School,56099365U260000,Valley View CUSD 365U,Romeoville,Will,HIGH SCHOOL,Non Chicago School,20.8,50
604,56099365U260007,Bolingbrook High School,56099365U260000,Valley View CUSD 365U,Bolingbrook,Will,HIGH SCHOOL,Non Chicago School,25.1,59.6
605,4.51E+14,Valmeyer High School,4.51E+14,Valmeyer CUSD 3,Valmeyer,Monroe,HIGH SCHOOL,Non Chicago School,7,59.4
606,3.03E+13,Vandalia Community High School,3.03E+13,Vandalia CUSD 203,Vandalia,Fayette,HIGH SCHOOL,Non Chicago School,41.7,49.5
607,4.11E+14,VENICE HIGH SCHOOL,4.11E+14,Venice CUSD 3,Venice,Madison,HIGH SCHOOL,Non Chicago School,52.6,10.8
608,2.04E+13,Vienna High School,2.04E+13,Vienna HSD 133,Vienna,Johnson,HIGH SCHOOL,Non Chicago School,40.3,52.1
609,1.10E+14,Villa Grove High School,1.10E+14,Villa Grove CUSD 302,Villa Grove,Douglas,HIGH SCHOOL,Non Chicago School,19.6,34.9
610,4.01E+14,Virden High School,4.01E+14,Virden CUSD 4,Virden,Macoupin,HIGH SCHOOL,Non Chicago School,31.8,41.2
611,4.60E+14,Virginia Sr High School,4.60E+14,Virginia CUSD 64,Virginia,Cass,HIGH SCHOOL,Non Chicago School,24.4,35.7
612,2.01E+14,Mount Carmel High School,2.01E+14,Wabash CUSD 348,Mount Carmel,Wabash,HIGH SCHOOL,Non Chicago School,17.5,59.6
613,2.50E+14,Waltonville High School,2.50E+14,Waltonville CUSD 1,Waltonville,Jefferson,HIGH SCHOOL,Non Chicago School,11.6,52.7
614,2.71E+14,WARREN JR/SR HIGH SCHOOL,2.71E+14,WARREN C U SCH DIST 222,MONMOUTH,WARREN,HIGH SCHOOL,Non Chicago School,20.1,71.3
615,8.04E+13,Warren Jr/Sr High School,8.04E+13,Warren CUSD 205,Warren,Jo Daviess,HIGH SCHOOL,Non Chicago School,19.9,55.4
616,3.40E+14,Warren Township High School,3.40E+14,Warren Twp HSD 121,Gurnee,Lake,HIGH SCHOOL,Non Chicago School,6.9,66
617,3.91E+14,Warrensburg-Latham High School,3.91E+14,Warrensburg-Latham CUSD 11,Warrensburg,Macon,HIGH SCHOOL,Non Chicago School,10.6,62.9
618,2.60E+14,Warsaw Sr High School,2.60E+14,Warsaw CUSD 316,Warsaw,Hancock,HIGH SCHOOL,Non Chicago School,13.7,55.1
619,5.31E+14,Washington Comm High School,5.31E+14,Washington CHSD 308,Washington,Tazewell,HIGH SCHOOL,Non Chicago School,6,62.8
620,4.51E+14,Waterloo High School,4.51E+14,Waterloo CUSD 5,Waterloo,Monroe,HIGH SCHOOL,Non Chicago School,4.7,66.1
621,3.40E+14,Wauconda High School,3.40E+14,Wauconda CUSD 118,Wauconda,Lake,HIGH SCHOOL,Non Chicago School,7.8,63.1
622,3.40E+14,Waukegan High School,3.40E+14,Waukegan CUSD 60,Waukegan,Lake,HIGH SCHOOL,Non Chicago School,42.9,32.9
623,4.61E+14,Waverly High School,4.61E+14,Waverly CUSD 6,Waverly,Morgan,HIGH SCHOOL,Non Chicago School,26,52
624,2.01E+14,Wayne City High School,2.01E+14,Wayne City CUSD 100,Wayne City,Wayne,HIGH SCHOOL,Non Chicago School,28.9,51.4
625,2.50E+14,Webber Twp High School,2.50E+14,Webber Twp HSD 204,Bluford,Jefferson,HIGH SCHOOL,Non Chicago School,23,49
626,1.30E+14,Wesclin Sr High School,1.30E+14,Wesclin CUSD 3,Trenton,Clinton,HIGH SCHOOL,Non Chicago School,12.9,64.4
627,1.08E+13,WEST PIKE HIGH SCHOOL,1.08E+13,WEST PIKE CUSD 2,KINDERHOOK,PIKE,HIGH SCHOOL,Non Chicago School,25.5,57.4
628,2.61E+14,West Prairie High School,2.61E+14,West Prairie CUSD 103,Sciota,McDonough,HIGH SCHOOL,Non Chicago School,28.2,50.3
629,1.21E+14,West Richland High School,1.21E+14,West Richland CUSD 2,Noble,Richland,HIGH SCHOOL,Non Chicago School,31,47.3
630,1.31E+14,Okawville Jr/Sr High School,1.31E+14,West Washington Co CUD 10,Okawville,Washington,HIGH SCHOOL,Non Chicago School,10.8,72.7
631,2.71E+14,Westmer High School,2.71E+14,Westmer CUSD 203,Joy,Mercer,HIGH SCHOOL,Non Chicago School,24.4,46.3
632,5.41E+14,Westville High School,5.41E+14,Westville CUSD 2,Westville,Vermilion,HIGH SCHOOL,Non Chicago School,26.1,57.5
633,2.80E+14,Wethersfield Jr/Sr High School,2.80E+14,Wethersfield CUSD 230,Kewanee,Henry,HIGH SCHOOL,Non Chicago School,25.3,51.7
634,3.30E+14,Williamsfield High School,3.30E+14,Williamsfield CUSD 210,Williamsfield,Knox,HIGH SCHOOL,Non Chicago School,7.3,59.1
635,5.11E+14,Williamsville High School,5.11E+14,Williamsville CUSD 15,Williamsville,Sangamon,HIGH SCHOOL,Non Chicago School,2.3,70.8
636,56099209U260001,Wilmington High School,56099209U260000,Wilmington CUSD 209U,Wilmington,Will,HIGH SCHOOL,Non Chicago School,17.1,54.2
637,4.61E+14,Winchester High School,4.61E+14,Winchester CUSD 1,Winchester,Scott,HIGH SCHOOL,Non Chicago School,14.5,52.6
638,1.11E+14,Windsor Jr & Sr High School,1.11E+14,Windsor CUSD 1,Windsor,Shelby,HIGH SCHOOL,Non Chicago School,28.2,53.8
639,4.10E+13,Winnebago High School,4.10E+13,Winnebago CUSD 323,Winnebago,Winnebago,HIGH SCHOOL,Non Chicago School,7.9,59.7
640,1.71E+14,Woodland High School,1.71E+14,Woodland CUSD 5,Streator,Livingston,HIGH SCHOOL,Non Chicago School,11.4,51.8
641,2.50E+14,Woodlawn Comm High School,2.50E+14,Woodlawn CHSD 205,Woodlawn,Jefferson,HIGH SCHOOL,Non Chicago School,25,42.4
642,4.41E+14,Woodstock High School,4.41E+14,Woodstock CUSD 200,Woodstock,McHenry,HIGH SCHOOL,Non Chicago School,19.1,55.8
643,2.40E+14,Yorkville High School,2.40E+14,Yorkville CUSD 115,Yorkville,Kendall,HIGH SCHOOL,Non Chicago School,3.3,57.9
644,2.71E+14,YORKWOOD HIGH SCHOOL,2.71E+14,YORKWOOD CUSD 225,MONMOUTH,WARREN,HIGH SCHOOL,Non Chicago School,23,68
645,2.10E+14,Zeigler-Royalton High School,2.10E+14,Zeigler-Royalton CUSD 188,Zeigler,Franklin,HIGH SCHOOL,Non Chicago School,39.3,52
646,3.40E+14,Zion-Benton Twnshp Hi Sch,3.40E+14,Zion-Benton Twp HSD 126,Zion,Lake,HIGH SCHOOL,Non Chicago School,21,45.9
0,1.50E+14,Northside College Preparatory Hs*,1.50E+14,City of Chicago SD 299,Chicago,Cook,HIGH SCHOOL,Chicago School,29.5,98.9
1,1.50E+14,Payton College Preparatory HS*,1.50E+14,City of Chicago SD 299,Chicago,Cook,HIGH SCHOOL,Chicago School,31.8,94.1
2,1.50E+14,Jones College Prep High School*,1.50E+14,City of Chicago SD 299,Chicago,Cook,HIGH SCHOOL,Chicago School,65.1,81.2
3,1.50E+14,Young Magnet High School*,1.50E+14,City of Chicago SD 299,Chicago,Cook,HIGH SCHOOL,Chicago School,38.3,94.9
4,1.50E+14,Lane Technical High School*,1.50E+14,City of Chicago SD 299,Chicago,Cook,HIGH SCHOOL,Chicago School,60.3,80.5
5,1.50E+14,Lincoln Park High School*,1.50E+14,City of Chicago SD 299,Chicago,Cook,HIGH SCHOOL,Chicago School,51.3,64.3
6,1.50E+14,Chicago HS for Agricult Sciences*,1.50E+14,City of Chicago SD 299,Chicago,Cook,HIGH SCHOOL,Chicago School,41.5,60.6
7,1.50E+14,Taft High School*,1.50E+14,City of Chicago SD 299,Chicago,Cook,HIGH SCHOOL,Chicago School,63.6,33.6
8,1.50E+14,Kenwood Academy High School*,1.50E+14,City of Chicago SD 299,Chicago,Cook,HIGH SCHOOL,Chicago School,65.6,44
9,1.50E+14,Brooks College Prep Academy HS*,1.50E+14,City of Chicago SD 299,Chicago,Cook,HIGH SCHOOL,Chicago School,61.8,73
10,1.50E+14,Von Steuben Metro Science HS*,1.50E+14,City of Chicago SD 299,Chicago,Cook,HIGH SCHOOL,Chicago School,48.7,63.4
11,15016299025201CAE06,Cics-Northtown*,1.50E+14,City of Chicago SD 299,Chicago,Cook,CHARTER NET SCH,Chicago School,38.1,41.4
12,1.50E+14,Kennedy High School*,1.50E+14,City of Chicago SD 299,Chicago,Cook,HIGH SCHOOL,Chicago School,82,26.7
13,1.50E+14,Morgan Park High School*,1.50E+14,City of Chicago SD 299,Chicago,Cook,HIGH SCHOOL,Chicago School,48.6,51.9
14,15016299025007C,Young Womens Leadership Chartr HS*,1.50E+14,City of Chicago SD 299,Chicago,Cook,CHARTER SCH,Chicago School,61.9,13.6
15,1.50E+14,Bogan High School*,1.50E+14,City of Chicago SD 299,Chicago,Cook,HIGH SCHOOL,Chicago School,82.8,23.1
16,1.50E+14,Manley Career Academy High School*,1.50E+14,City of Chicago SD 299,Chicago,Cook,HIGH SCHOOL,Chicago School,98.4,11.8
17,1.50E+14,Marshall Metropolitan High School*,1.50E+14,City of Chicago SD 299,Chicago,Cook,HIGH SCHOOL,Chicago School,93.4,5.3
18,1.50E+14,Phoenix Military Academy HS*,1.50E+14,City of Chicago SD 299,Chicago,Cook,HIGH SCHOOL,Chicago School,69.1,5.3
19,15016299025006CAF14,Noble St Chtr-Noble*,1.50E+14,City of Chicago SD 299,Chicago,Cook,CHARTER NET SCH,Chicago School,85.7,40.2
20,1.50E+14,Prosser Career Academy HS*,1.50E+14,City of Chicago SD 299,Chicago,Cook,HIGH SCHOOL,Chicago School,89.8,45.4
21,15016299025003CAJ01,Perspectives Chtr Joslin*,1.50E+14,City of Chicago SD 299,Chicago,Cook,CHARTER NET SCH,Chicago School,80.7,21.7
22,1.50E+14,Lake View High School*,1.50E+14,City of Chicago SD 299,Chicago,Cook,HIGH SCHOOL,Chicago School,83.4,35.2
23,1.50E+14,Senn High School*,1.50E+14,City of Chicago SD 299,Chicago,Cook,HIGH SCHOOL,Chicago School,94.1,22.1
24,1.50E+14,Curie Metropolitan High School*,1.50E+14,City of Chicago SD 299,Chicago,Cook,HIGH SCHOOL,Chicago School,87.7,33.3
25,1.50E+14,Hubbard High School*,1.50E+14,City of Chicago SD 299,Chicago,Cook,HIGH SCHOOL,Chicago School,89.8,36.8
26,1.50E+14,Chicago Military Academy HS*,1.50E+14,City of Chicago SD 299,Chicago,Cook,HIGH SCHOOL,Chicago School,57.3,41
27,1.50E+14,Amundsen High School*,1.50E+14,City of Chicago SD 299,Chicago,Cook,HIGH SCHOOL,Chicago School,90.2,24.5
28,1.50E+14,Hancock College Preparatory HS,1.50E+14,City of Chicago SD 299,Chicago,Cook,HIGH SCHOOL,Chicago School,93.3,34.7
29,1.50E+14,Carver Military Academy HS*,1.50E+14,City of Chicago SD 299,Chicago,Cook,HIGH SCHOOL,Chicago School,90.3,9.9
30,1.50E+14,Kelly High School*,1.50E+14,City of Chicago SD 299,Chicago,Cook,HIGH SCHOOL,Chicago School,94,19.3
31,1.50E+14,Mather High School*,1.50E+14,City of Chicago SD 299,Chicago,Cook,HIGH SCHOOL,Chicago School,86.3,28
32,1.50E+14,Steinmetz College Prep HS*,1.50E+14,City of Chicago SD 299,Chicago,Cook,HIGH SCHOOL,Chicago School,79.5,22.1
33,1.50E+14,WashingtonG High School*,1.50E+14,City of Chicago SD 299,Chicago,Cook,HIGH SCHOOL,Chicago School,68.8,21.4
34,1.50E+14,Juarez Community Academy HS*,1.50E+14,City of Chicago SD 299,Chicago,Cook,HIGH SCHOOL,Chicago School,96.1,17.3
35,1.50E+14,Simeon Career Academy High School*,1.50E+14,City of Chicago SD 299,Chicago,Cook,HIGH SCHOOL,Chicago School,97.8,20.5
36,1.50E+14,Wells Community Academy HS*,1.50E+14,City of Chicago SD 299,Chicago,Cook,HIGH SCHOOL,Chicago School,85.4,18.1
37,1.50E+14,Foreman High School*,1.50E+14,City of Chicago SD 299,Chicago,Cook,HIGH SCHOOL,Chicago School,90.7,13.9
38,1.50E+14,Schurz High School*,1.50E+14,City of Chicago SD 299,Chicago,Cook,HIGH SCHOOL,Chicago School,90.1,16.6
39,1.50E+14,Farragut Career Academy HS*,1.50E+14,City of Chicago SD 299,Chicago,Cook,HIGH SCHOOL,Chicago School,98,13
40,1.50E+14,Roosevelt High School*,1.50E+14,City of Chicago SD 299,Chicago,Cook,HIGH SCHOOL,Chicago School,89.3,20.8
41,1.50E+14,Sullivan High School*,1.50E+14,City of Chicago SD 299,Chicago,Cook,HIGH SCHOOL,Chicago School,93.4,30.1
42,1.50E+14,Kelvyn Park High School*,1.50E+14,City of Chicago SD 299,Chicago,Cook,HIGH SCHOOL,Chicago School,90.9,10
43,15016299025201CAE02,Cics-Longwood*,1.50E+14,City of Chicago SD 299,Chicago,Cook,CHARTER NET SCH,Chicago School,75.2,15
44,15016299025005CAH00,Nth Lawndale Chtr-Christiana*,1.50E+14,City of Chicago SD 299,Chicago,Cook,CHARTER NET SCH,Chicago School,92.1,15.3
45,1.50E+14,Julian High School*,1.50E+14,City of Chicago SD 299,Chicago,Cook,HIGH SCHOOL,Chicago School,85.7,15.2
46,1.50E+14,Hyde Park Academy High School*,1.50E+14,City of Chicago SD 299,Chicago,Cook,HIGH SCHOOL,Chicago School,85.2,28
47,1.50E+14,Gage Park High School*,1.50E+14,City of Chicago SD 299,Chicago,Cook,HIGH SCHOOL,Chicago School,96.1,12.5
48,1.50E+14,Harlan Community Academy HS*,1.50E+14,City of Chicago SD 299,Chicago,Cook,HIGH SCHOOL,Chicago School,72.3,17.3
49,1.50E+14,Dunbar Vocational Career Acad HS*,1.50E+14,City of Chicago SD 299,Chicago,Cook,HIGH SCHOOL,Chicago School,95.6,12.1
50,1.50E+14,Richards Career Academy HS*,1.50E+14,City of Chicago SD 299,Chicago,Cook,HIGH SCHOOL,Chicago School,87.6,10.4
51,1.50E+14,Tilden Career Communty Academy HS*,1.50E+14,City of Chicago SD 299,Chicago,Cook,HIGH SCHOOL,Chicago School,97.7,15.4
52,1.50E+14,Clemente Community Academy HS*,1.50E+14,City of Chicago SD 299,Chicago,Cook,HIGH SCHOOL,Chicago School,89.2,14.1
53,1.50E+14,Corliss High School*,1.50E+14,City of Chicago SD 299,Chicago,Cook,HIGH SCHOOL,Chicago School,95.2,11.5
54,1.50E+14,Crane Technical Prep High School,1.50E+14,City of Chicago SD 299,Chicago,Cook,HIGH SCHOOL,Chicago School,92.3,11.6
55,1.50E+14,Harper High School*,1.50E+14,City of Chicago SD 299,Chicago,Cook,HIGH SCHOOL,Chicago School,81.4,5.7
56,1.50E+14,Phillips Academy High School*,1.50E+14,City of Chicago SD 299,Chicago,Cook,HIGH SCHOOL,Chicago School,89.7,8.2
57,1.50E+14,Hirsch Metropolitan High School*,1.50E+14,City of Chicago SD 299,Chicago,Cook,HIGH SCHOOL,Chicago School,97.5,8
58,1.50E+14,Fenger Academy High School*,1.50E+14,City of Chicago SD 299,Chicago,Cook,HIGH SCHOOL,Chicago School,78.7,9.1
59,1.50E+14,Chicago Vocational Career Acad HS*,1.50E+14,City of Chicago SD 299,Chicago,Cook,HIGH SCHOOL,Chicago School,92.2,13
60,1.50E+14,Hope College Prep High School*,1.50E+14,City of Chicago SD 299,Chicago,Cook,HIGH SCHOOL,Chicago School,93.4,39.7
61,1.50E+14,Robeson High School*,1.50E+14,City of Chicago SD 299,Chicago,Cook,HIGH SCHOOL,Chicago School,95.3,6.5
62,1.50E+14,Dyett High School,1.50E+14,City of Chicago SD 299,Chicago,Cook,HIGH SCHOOL,Chicago School,82.8,13.9
63,1.50E+14,AUSTIN COMMUNITY HIGH SCHOOL,1.50E+14,City of Chicago SD 299,Chicago,Cook,HIGH SCHOOL,Chicago School,92.3,6.5
64,1.50E+14,BOWEN HIGH SCHOOL,1.50E+14,City of Chicago SD 299,Chicago,Cook,HIGH SCHOOL,Chicago School,94.6,4.3
65,1.50E+14,CALUMET CAREER PREP ACADEMY HS,1.50E+14,City of Chicago SD 299,Chicago,Cook,HIGH SCHOOL,Chicago School,61,7.1
66,1.50E+14,DUSABLE HIGH SCHOOL,1.50E+14,City of Chicago SD 299,Chicago,Cook,HIGH SCHOOL,Chicago School,81.1,8.2
67,1.50E+14,ENGLEWOOD TECHNICAL PREP ACAD HS,1.50E+14,City of Chicago SD 299,Chicago,Cook,HIGH SCHOOL,Chicago School,93,4.7
68,1.50E+14,LINDBLOM COLLEGE PREPARATORY HS,1.50E+14,City of Chicago SD 299,Chicago,Cook,HIGH SCHOOL,Chicago School,93.9,55.4
69,15016299025002C,Acad of Comm & Tech Charter HS*,1.50E+14,City of Chicago SD 299,Chicago,Cook,CHARTER SCH,Chicago School,88.6,12.9
70,1.50E+14,ORR COMMUNITY ACADEMY HIGH SCHOOL,1.50E+14,City of Chicago SD 299,Chicago,Cook,HIGH SCHOOL,Chicago School,94,8.2
71,1.50E+14,SOUTH SHORE COMMUNITY ACADEMY HS,1.50E+14,City of Chicago SD 299,Chicago,Cook,HIGH SCHOOL,Chicago School,97.6,9.3
72,1.50E+14,Best Practice High School,1.50E+14,City of Chicago SD 299,Chicago,Cook,HIGH SCHOOL,Chicago School,76,20.1
73,1.50E+14,WESTINGHOUSE CAREER ACADEMY HS,1.50E+14,City of Chicago SD 299,Chicago,Cook,HIGH SCHOOL,Chicago School,90.5,17.6
74,1.50E+14,Collins High School,1.50E+14,City of Chicago SD 299,Chicago,Cook,HIGH SCHOOL,Chicago School,96.5,7.7
75,1.50E+14,SPALDING HIGH SCHOOL,1.50E+14,City of Chicago SD 299,Chicago,Cook,HIGH SCHOOL,Chicago School,84.2,7.3
76,1.50E+14,Chicago Discovery Academy HS,1.50E+14,City of Chicago SD 299,Chicago,Cook,HIGH SCHOOL,Chicago School,97.3,19.4
77,1.50E+14,Entrepreneurshp High School,1.50E+14,City of Chicago SD 299,Chicago,Cook,HIGH SCHOOL,Chicago School,96.1,7
78,1.50E+14,School of Leadership High School,1.50E+14,City of Chicago SD 299,Chicago,Cook,HIGH SCHOOL,Chicago School,88.3,8.6
79,1.50E+14,VINES PREPARATORY ACADEMY HS,1.50E+14,City of Chicago SD 299,Chicago,Cook,HIGH SCHOOL,Chicago School,95.1,9.8
